event_id,date,category,company,product,location,source,url,summary,title,funding_usd,hardware_name
7a9e9a2a-3c53-4249-a52b-e8438d9c78c4,"Wed, 26 Fe",FUNDING_EVENT,,,,TechCrunch AI,https://techcrunch.com/2025/02/25/elevenlabs-is-now-letting-authors-create-and-publish-audiobooks-on-its-own-platform/,"Voice AI company ElevenLabs is now letting authors publish AI-generated audiobooks on its own Reader app, TechCrunch has learned and the company confirmed. The announcement comes days after the company partnered with Spotify for AI-narrated audiobooks.",ElevenLabs now lets authors create and publish audiobooks on its own platform,180000000,
d28dc06d-23a1-4100-93b7-826f50e8eff3,"Wed, 20 Au",POLICY_REGULATION,Meta,,,TechCrunch AI,https://techcrunch.com/2025/08/20/harvard-dropouts-to-launch-always-on-ai-smart-glasses-that-listen-and-record-every-conversation/,"After developing a facial-recognition app for Meta’s Ray-Ban glasses and doxing random people, two former Harvard students are now launching a startup that makes smart glasses with an always-on microphone.",Harvard dropouts to launch ‘always on’ AI smart glasses that listen and record every conversation,,
68b224d2-211c-413a-9c67-9421e2735246,"Wed, 20 Au",DATACENTER_EXPANSION,Meta,,,TechCrunch AI,https://techcrunch.com/2025/08/20/meta-to-add-100-mw-of-solar-power-from-u-s-gear/,The social media company is adding another tranche of solar to power a new AI data center in South Carolina.,Meta to add 100MW of solar power from US gear,,
1ae47095-0475-4ef0-a972-9e155a7eb42d,"Wed, 13 Ma",OTHER,Microsoft,,,Azure AI Blog,https://azure.microsoft.com/en-us/blog/from-commit-to-cloud-powering-whats-next-for-postgresql/,<p>PostgreSQL has become foundational to how modern applications are built. It powers everything from early‑stage startups to some of the most demanding production systems in the world.,From commit to cloud: Powering what’s next for PostgreSQL,,
269c22b4-0b68-4be6-bf9f-ce81312a2c39,"Wed, 10 Ju",OTHER,OpenAI,,,OpenAI Blog,https://openai.com/index/openai-on-oracle-cloud,"Access OpenAI models and Codex through Oracle Cloud, using existing commitments to build and deploy AI with enterprise security and governance.",Access OpenAI models and Codex through your Oracle cloud commitment,,
ab8ed085-d6b4-4c52-b6a6-910fc0e03f29,"Wed, 10 Ju",DATACENTER_EXPANSION,OpenAI,,,OpenAI Blog,https://openai.com/index/prc-linked-influence-operations-ai-debates,"A new report from OpenAI details PRC-linked influence operations using AI to target U.S. tech debates, data center narratives, tariffs, and false claims  about ChatGPT.",PRC-linked influence operations are targeting AI debates in the US,,
4b55073b-96ee-440d-b399-6e62d13aea8b,"Wed, 10 Ju",OTHER,OpenAI,,,OpenAI Blog,https://openai.com/index/lseg,"See how LSEG uses OpenAI to scale trusted AI across its global business, accelerating insights, shrinking release cycles, and empowering 4,000 employees.",From data to decisions: how LSEG is scaling trusted AI,,
cee21028-0f1e-4b64-b5ff-17c7424a512a,"Wed, 10 Ju",OTHER,,,,Google DeepMind,https://deepmind.google/blog/diffusiongemma-4x-faster-text-generation/,DiffusionGemma: 4x faster text generation,DiffusionGemma: 4x faster text generation,,
262aa9a9-f339-48e3-9a0d-345d1df87ea4,"Wed, 10 Ju",FUNDING_EVENT,Google DeepMind,,,Google DeepMind,https://deepmind.google/blog/investing-in-multi-agent-ai-safety-research/,Google DeepMind and partners announce a $10M funding call for multi-agent safety research.,Investing in multi-agent AI safety research,10000000,
bcbb5364-9889-4996-b8eb-c702223bf4c1,"Wed, 10 Ju",OTHER,,,,NVIDIA Blog,https://blogs.nvidia.com/blog/halos-os-robotaxi-safety/,"A car pulls up to the curb. The app says, “Your ride is here.” No one’s in the driver’s seat.","For Robotaxis, Safety Must Be Built In, Not Bolted On",,
621f5e21-2cb3-457d-8732-2b4e0cc1b602,"Wed, 10 Ju",OTHER,Google DeepMind,,,NVIDIA Blog,https://blogs.nvidia.com/blog/rtx-ai-garage-local-gemma-diffusion/,"Today, Google DeepMind released DiffusionGemma — an experimental open model built for exceptionally fast text generation. NVIDIA has optimized DiffusionGemma to run even faster across NVIDIA GeForce RTX GPUs, the NVIDIA RTX PRO platform and NVIDIA DGX Spark systems, from local PCs to the cloud.",NVIDIA Accelerates Google DeepMind’s DiffusionGemma for Local AI,,
9e11ee70-7c1e-4e37-9cbf-658be41a0f60,"Wed, 10 Ju",OTHER,AWS,,,AWS ML Blog,https://aws.amazon.com/blogs/machine-learning/stop-hand-tuning-kernels-how-neuron-agentic-development-accelerates-aws-trainium-optimizations/,"Today, we’re announcing the Neuron Agentic Development capabilities: a collection of AI agents and skills that make this possible for developers building on AWS Trainium and AWS Inferentia. In this post, we explain how the Neuron Agentic Development capabilities accelerate the kernel development ...",Stop hand-tuning kernels: How Neuron Agentic Development accelerates AWS Trainium optimizations,,
9ed170bf-3a8b-4215-b998-2c40555cd5c7,"Wed, 10 Ju",MODEL_RELEASE,Amazon,,,AWS ML Blog,https://aws.amazon.com/blogs/machine-learning/build-an-ai-powered-equipment-repair-assistant-using-amazon-bedrock-agentcore/,"In this post, you build an AI-powered equipment repair assistant using Amazon Bedrock AgentCore that helps farmers and field technicians diagnose equipment problems, identify required parts, and access manufacturer-approved repair procedures through natural language. The solution uses AgentCore R...",Build an AI-Powered Equipment Repair Assistant Using Amazon Bedrock AgentCore,,
69217abd-6c2b-4b86-bb0f-b5b76c66d1f9,"Wed, 07 Ja",FUNDING_EVENT,Hugging Face,DeepSeek,,VentureBeat AI,https://venturebeat.com/technology/nous-researchs-nouscoder-14b-is-an-open-source-coding-model-landing-right-in,"<p><a href=""https://nousresearch.com/"">Nous Research</a>, the open-source artificial intelligence startup backed by crypto venture firm <a href=""https://www.paradigm.xyz/"">Paradigm</a>, released a new competitive programming model on Monday that it says matches or exceeds several larger proprieta...",Nous Research's NousCoder-14B is an open-source coding model landing right in the Claude Code moment,65000000,
d73ece24-4392-4ebe-b1d1-6307a46a4878,"Wed, 04 Ju",OTHER,,,,TechCrunch AI,https://techcrunch.com/2025/06/04/obvios-stop-sign-cameras-use-ai-to-root-out-unsafe-drivers/,"American streets are incredibly dangerous for pedestrians. A San Carlos, California-based startup called Obvio thinks it can change that by installing cameras at stop signs -- a solution the founders also say won’t create a panopticon.",Obvio’s stop sign cameras use AI to root out unsafe drivers,,
6860ec0f-21de-4539-b713-1ba4b234e0eb,"Wed, 03 Ju",OTHER,,,,OpenAI Blog,https://openai.com/index/introducing-new-capabilities-to-gpt-rosalind,"GPT-Rosalind advances life sciences research with enhanced biological reasoning, medicinal chemistry expertise, genomics analysis, and experimental workflow capabilities.",Introducing new capabilities to GPT-Rosalind,,
6756ea6c-ecba-425b-8858-557bdf43ed5c,"Wed, 03 Ju",OTHER,NVIDIA,,,NVIDIA Blog,https://blogs.nvidia.com/blog/cvpr-research-grasping-driving-agent-training/,"What makes a robot gripper useful isn’t that it can pick up one object — it’s that it can pick up the next one, and the one after that, with a tool it’s never held before. What makes an autonomous vehicle system safe isn’t just that it can reason through a situation — it’s that [&#8230;]","NVIDIA Research Unlocks Advanced Grasping, Smarter Autonomous Driving and Agent Training at Scale",,
7135ca55-8e9f-4a42-9c1e-6d1ebdc2ede3,"Wed, 03 Ju",OTHER,NVIDIA,,,NVIDIA Blog,https://blogs.nvidia.com/blog/cvpr-physical-ai-research-agent-skills/,"At CVPR, NVIDIA is unveiling new physical AI agent skills that help researchers and developers speed the development of autonomous vehicles, robots and vision AI systems. The core challenge in physical AI research isn’t simply developing stronger models.","NVIDIA Enables the Next Era Of Physical AI Research With Agent Skills For Autonomous Vehicles, Robotics And Vision AI",,
b5ff7585-2dcc-4666-874c-8b010c862f1e,"Tue, 27 Ma",FUNDING_EVENT,,,,TechCrunch AI,https://techcrunch.com/2025/05/27/gridcare-thinks-more-than-100-gw-of-data-center-capacity-is-hiding-in-the-grid/,Gridcare raised $13.3 million for its data platform that finds underutilized capacity on the electrical grid.,Gridcare thinks more than 100 GW of data center capacity is hiding in the grid,13300000,
c826b2cc-e602-4411-acba-0a25a1edb0d0,"Tue, 26 Au",OTHER,,,,TechCrunch AI,https://techcrunch.com/2025/08/26/how-one-ai-startup-is-helping-rice-farmers-battle-climate-change/,Mitti Labs is working with The Nature Conservancy to expand the use of climate-friendly rice farming practices in India. The startup uses its AI to verify reductions in methane emissions.,How one AI startup is helping rice farmers battle climate change,,
b993594b-e46d-48a8-96b9-ef53ef6a9398,"Tue, 19 Ma",FUNDING_EVENT,Google DeepMind,Gemini,,VentureBeat AI,https://venturebeat.com/technology/google-just-redesigned-the-search-box-for-the-first-time-in-25-years-heres-why-it-matters-more-than-you-think,"<p>For a quarter century, the Google search box has been one of the most recognizable interfaces in computing: a thin white rectangle, a blinking cursor, a few typed words, and a list of blue links. On Tuesday, Google will formally retire that paradigm.</p><p>At its annual <a href=""https://io.goo...",Google just redesigned the search box for the first time in 25 years — here’s why it matters more than you think.,190000000000,
49c06ade-cdc8-417c-8916-684cdc4f069d,"Tue, 13 Ja",FUNDING_EVENT,OpenAI,,,TechCrunch AI,https://techcrunch.com/2026/01/13/ai-drug-discovery-startup-converge-bio-pulls-in-25m-from-bessemer-and-execs-from-meta-openai-and-wiz/,"AI drug discovery startup Converge Bio raised $25 million in a Series A led by Bessemer Venture Partners, with additional backing from executives at Meta, OpenAI, and Wiz.","Converge Bio raises $25M, backed by Bessemer and execs from Meta, OpenAI, Wiz",25000000,
12b0b412-8542-4bff-b928-4c5c08a49414,"Tue, 13 Ja",MODEL_RELEASE,Anthropic,Claude,,VentureBeat AI,https://venturebeat.com/technology/salesforce-rolls-out-new-slackbot-ai-agent-as-it-battles-microsoft-and,"<p><a href=""https://www.salesforce.com/"">Salesforce</a> on Tuesday launched an entirely rebuilt version of <a href=""https://slack.com/help/articles/202026038-An-introduction-to-Slackbot"">Slackbot</a>, the company&#x27;s workplace assistant, transforming it from a simple notification tool into wha...",Salesforce rolls out new Slackbot AI agent as it battles Microsoft and Google in workplace AI,,
ee179f6b-9d1f-4666-9034-0375a087a8fd,"Tue, 12 Ma",OTHER,Microsoft,,,Azure AI Blog,https://azure.microsoft.com/en-us/blog/advancing-enterprise-ai-new-sap-on-azure-announcements-from-sap-sapphire-2026/,"<p>Together, Microsoft and SAP are helping enterprises transform operations, decision-making, and innovation at scale on Azure.</p>
<p>The post <a href=""https://azure.microsoft.com/en-us/blog/advancing-enterprise-ai-new-sap-on-azure-announcements-from-sap-sapphire-2026/"">Advancing enterprise AI: ...",Advancing enterprise AI: New SAP on Azure announcements from SAP Sapphire 2026,,
3fc4aa37-20ca-438a-b789-6806d3a05755,"Tue, 11 Ma",OTHER,,,,TechCrunch AI,https://techcrunch.com/2025/03/11/geothermal-could-power-nearly-all-new-data-centers-through-2030/,Geothermal resources have enormous potential to provide the sort of consistent power that data centers crave.,Geothermal could power nearly all new data centers through 2030,,
112e5060-6ed2-4724-b547-2c3edb9bbcc3,"Tue, 11 Fe",OTHER,,,,TechCrunch AI,https://techcrunch.com/2025/02/11/youtube-ai-updates-to-include-expansion-of-auto-dubbing-age-identifying-tech-and-more/,"In his annual letter, YouTube CEO Neal Mohan dubbed AI one of the company&#8217;s four &#8220;big bets&#8221; for 2025. The executive pointed to the company&#8217;s investments in AI tools for creators, including ones for video ideas, thumbnails, and language translation.","YouTube AI updates include auto dubbing expansion, age ID tech, and more",,
9590e478-1957-4f42-956a-79be94f879d4,"Tue, 09 Ju",MODEL_RELEASE,,GPT-5,,OpenAI Blog,https://openai.com/index/nextdoor,"How engineers at Nextdoor use Codex with GPT-5.5 to investigate hard-to-reproduce issues, build across platforms, and focus on product outcomes.",How engineers at Nextdoor use Codex to build without limits,,
2ddadd59-eb02-4497-ab32-919e658dc778,"Tue, 09 Ju",OTHER,,,,OpenAI Blog,https://openai.com/index/notion,"How Notion uses Codex to one-shot specs, build AI Voice Input for the web, and multiply engineering power across small teams.",What Codex unlocks for Notion,,
365a1805-f67f-406e-a0d5-bec6e2f2f2c7,"Tue, 09 Ju",POLICY_REGULATION,Intel,,,OpenAI Blog,https://openai.com/index/industrial-policy-for-the-intelligence-age,"Explore our ambitious, people-first industrial policy ideas for the AI era—focused on expanding opportunity, sharing prosperity, and building resilient institutions as advanced intelligence evolves.",Industrial policy for the Intelligence Age,,
36bfe831-1fe5-49f0-b660-a50643a4335b,"Tue, 09 Ju",MODEL_RELEASE,Google,Gemini,,Google DeepMind,https://deepmind.google/blog/fluid-natural-voice-translation-with-gemini-35-live-translate/,"Gemini 3.5 Live Translate brings near real-time, natural speech translation to Google AI Studio, Google Translate and Google Meet.","Fluid, natural voice translation with Gemini 3.5 Live Translate",,
779953b8-6d8d-4285-8a6b-5746cf447b00,"Tue, 09 Ju",MODEL_RELEASE,Modal,,,Google DeepMind,https://deepmind.google/blog/introducing-gemma-4-12b-a-unified-encoder-free-multimodal-model/,"Introducing Gemma 4 12B: a unified, encoder-free multimodal model","Introducing Gemma 4 12B: a unified, encoder-free multimodal model",,
758feac7-9ddd-49b5-82a7-f4695f3df3ed,"Tue, 09 Ju",OTHER,,,,Google DeepMind,https://deepmind.google/blog/powering-the-future-of-robotics-in-europe/,Powering the future of robotics in Europe,Powering the future of robotics in Europe,,
4bb3deb6-c298-4b09-b01c-31ad3808a416,"Tue, 09 Ju",OTHER,Google,,,NVIDIA Blog,https://blogs.nvidia.com/blog/nvidia-confidential-computing-apple-private-cloud-compute/,"NVIDIA GPUs with Confidential Computing are now used for confidential inference in Apple’s Private Cloud Compute (PCC), as it expands beyond Apple’s data centers to Google Cloud. Unveiled during Apple’s annual WWDC gathering for developers from around the globe, NVIDIA GPUs will support server-si...",NVIDIA Confidential Computing to Help Expand Apple’s Private Cloud Compute,,
47df11f0-aefa-4014-813d-c2f45a5aa05f,"Tue, 09 Ju",OTHER,NVIDIA,,,AWS ML Blog,https://aws.amazon.com/blogs/machine-learning/scale-robot-reinforcement-learning-with-nvidia-isaac-lab-on-amazon-sagemaker-ai/,"In this post, we show how to train robot policies for the Unitree H1 humanoid with NVIDIA Isaac Lab on Amazon SageMaker AI across two compute options: Amazon SageMaker HyperPod and Amazon SageMaker Training Jobs.",Scale Robot Reinforcement Learning with NVIDIA Isaac Lab on Amazon SageMaker AI,,
b53a2ff0-93ef-4064-b508-fc9d23f84151,"Tue, 09 Ju",OTHER,Amazon,,,AWS ML Blog,https://aws.amazon.com/blogs/machine-learning/hands-free-first-notice-of-loss-using-strands-agents-and-amazon-bedrock-agentcore-browser-tool-for-intelligent-claims-intake/,"In this post, we demonstrate how a hands-free FNOL intake system combines agents built with the Strands Agents SDK for domain reasoning with Amazon Bedrock AgentCore Browser Tool for live portal interaction. This approach preserves human expertise while removing repetitive screen work.",Hands-free first notice of loss: Using Strands Agents and Amazon Bedrock AgentCore Browser Tool for intelligent claims intake,,
a965c27c-5621-4317-ab95-9acc649c7a3a,"Tue, 09 Ju",OUTAGE,Amazon,,,AWS ML Blog,https://aws.amazon.com/blogs/machine-learning/build-an-agentic-incident-triage-assistant-with-amazon-quick-and-new-relic/,This post shows engineering teams how to apply that principle to one of the most time-sensitive workflows in engineering: incident triage. You will build a custom incident triage assistant agent using Amazon Quick that orchestrates a response with the New Relic Model Context Protocol (MCP) Server...,Build an agentic incident triage assistant with Amazon Quick and New Relic,,
0efa1916-fcd6-4b29-bad3-3db9280805a1,"Tue, 09 Ju",MODEL_RELEASE,Anthropic,Claude,,Azure AI Blog,https://azure.microsoft.com/en-us/blog/claude-fable-5-is-now-available-in-microsoft-foundry-powering-the-next-era-of-autonomous-agents/,"<p>Claude Fable 5, Anthropic’s latest Frontier model, available today in Microsoft Foundry, powering agents in GitHub Copilot and Foundry Agent Service.</p>
<p>The post <a href=""https://azure.microsoft.com/en-us/blog/claude-fable-5-is-now-available-in-microsoft-foundry-powering-the-next-era-of-au...",Claude Fable 5 available today in Microsoft Foundry: Powering the next era of autonomous agents,,
d0da3121-d075-4a73-bb33-5a38fb57683e,"Tue, 02 Ju",OTHER,NVIDIA,,,NVIDIA Blog,https://blogs.nvidia.com/blog/industrial-software-leaders-secure-autonomous-ai-engineers-nemoclaw/,"Accelerated computing has revolutionized industrial engineering, compressing simulation times from weeks to hours. Today’s remaining challenges sit in the end-to-end workflow surrounding the simulations: computer-aided design, meshing, simulation setup and debugging, as well as post-processing an...","Industrial Software Leaders Build Secure, Autonomous AI Engineers With NVIDIA NemoClaw",,
7c2df705-0325-4151-9d54-1eb36861ae60,"Tue, 02 Ju",OTHER,Microsoft,,,NVIDIA Blog,https://blogs.nvidia.com/blog/microsoft-build-windows-local-cloud-devices/,"The agentic AI moment has arrived, but delivering on its promise requires more than good models. It also takes fast hardware, secure runtimes, a responsive data layer and models tuned for long-running reasoning.","NVIDIA Partners With Microsoft on Unified Stack for Agentic AI Deployment, From Windows Devices to Cloud to Local",,
5321842e-ae7e-479d-9774-4cd5597cbb33,"Tue, 02 Ju",OTHER,Intel,,,NVIDIA Blog,https://blogs.nvidia.com/blog/financial-institutions-transaction-foundation-models/,"Financial institutions have spent years building AI: fraud models, credit models, recommendation engines and risk systems. While this sprawl of task-specific models has been effective, it’s also constrained by siloed systems.",Why Financial Institutions Are Converging on Transaction Foundation Models to Build Their Own Intelligence,,
1c5cd391-faa2-41ea-9b1d-1a0e8e47f602,"Tue, 02 Ju",GPU_RELEASE,NVIDIA,,,NVIDIA Blog,https://blogs.nvidia.com/blog/jetson-agentic-ai-physical-world/,"Agentic AI is getting physical. At COMPUTEX on Tuesday, NVIDIA announced NVIDIA JetPack 7.2 and NVIDIA NemoClaw support on NVIDIA Jetson.",NVIDIA Jetson Brings Agentic AI to the Physical World,,
e5587213-9029-4bc8-98d0-719bf65e0671,"Tue, 02 Ju",OTHER,Microsoft,,,Azure AI Blog,https://blogs.microsoft.com/blog/2026/06/02/ai-alone-wont-change-your-business-the-system-running-it-will/,"<p>We are building a comprehensive agent platform: one that supports many models, is open, and gives you flexibility at every layer of the stack.</p>
<p>The post <a href=""https://blogs.microsoft.com/blog/2026/06/02/ai-alone-wont-change-your-business-the-system-running-it-will/"">AI alone won’t cha...",AI alone won’t change your business. The system running it will.,,
8cb911e6-4b55-4ab0-a969-46d6b3df325c,"Tue, 02 Ju",SERVICE_UPDATE,Microsoft,,,Azure AI Blog,https://azure.microsoft.com/en-us/blog/announcing-microsoft-discovery-general-availability-and-microsoft-discovery-app-preview/,"<p>At Microsoft Build, we are announcing that Microsoft Discovery is now generally available for all organizations, providing a comprehensive platform for building and governing agentic AI workflows.</p>
<p>The post <a href=""https://azure.microsoft.com/en-us/blog/announcing-microsoft-discovery-ge...",Announcing Microsoft Discovery general availability and Microsoft Discovery app preview,,
e2b245e0-3abe-4495-9f2f-8cde5b11998d,"Tue, 02 Ju",OTHER,Microsoft,,,Azure AI Blog,https://devblogs.microsoft.com/foundry/build-2026-foundry-models/,"<p>Microsoft Foundry helps teams move beyond model access to operate AI at scale—selecting, evaluating, optimizing, and governing models across the full lifecycle.</p>
<p>The post <a href=""https://devblogs.microsoft.com/foundry/build-2026-foundry-models/"">A Developer’s Guide to Managing Models, C...","A Developer’s Guide to Managing Models, Cost and Quality in Microsoft Foundry",,
2b4ea219-fbd7-4a5a-83db-65e29d146ea7,"Tue, 02 Ju",OTHER,Microsoft,,,Azure AI Blog,https://devblogs.microsoft.com/foundry/build-smarter-agents-faster-with-foundry-iq/,"<p>Build smarter agents with Microsoft Foundry IQ, unifying enterprise and external data into a secure, scalable knowledge layer for faster, higher-quality answers.</p>
<p>The post <a href=""https://devblogs.microsoft.com/foundry/build-smarter-agents-faster-with-foundry-iq/"">Foundry IQ: Build smar...",Foundry IQ: Build smarter agents faster with unified knowledge and serverless retrieval,,
36e1aa8f-16ee-44dc-913c-15a20fbb92e8,"Tue, 01 Ap",OTHER,,,,TechCrunch AI,https://techcrunch.com/2025/04/01/who-are-climate-conscious-consumers-not-who-youd-expect-says-northwind-climate/,"Rather than divide people into demographic buckets, Northwind Climate analyzes survey responses for behavioral clues.","Who are climate-conscious consumers? Not who you’d expect, says Northwind Climate",,
8f6b2dbc-20e6-4658-a38e-8800d16eb6ea,"Thu, 22 Ma",DATACENTER_EXPANSION,Meta,,,TechCrunch AI,https://techcrunch.com/2025/05/22/meta-adds-another-650-mw-of-solar-power-to-its-ai-push/,The company already has more than 12 gigawatts of capacity in its renewable power portfolio.,Meta adds another 650 MW of solar power to its AI push,,
a134720f-0aa8-4ac2-8c58-b2d66e87950a,"Thu, 22 Ja",FUNDING_EVENT,Microsoft,Claude,,VentureBeat AI,https://venturebeat.com/infrastructure/railway-secures-usd100-million-to-challenge-aws-with-ai-native-cloud,"<p><a href=""https://railway.com/"">Railway</a>, a San Francisco-based cloud platform that has quietly amassed two million developers without spending a dollar on marketing, announced Thursday that it raised $100 million in a Series B funding round, as surging demand for artificial intelligence app...",Railway secures $100 million to challenge AWS with AI-native cloud infrastructure,100000000,
292d99bb-4066-45d8-8c5a-8ad541184adc,"Thu, 21 Ma",GPU_RELEASE,Google DeepMind,,,Google DeepMind,https://deepmind.google/blog/were-launching-the-google-deepmind-accelerator-program-in-asia-pacific-to-tackle-environmental-risks/,We’re launching the Google DeepMind Accelerator program in Asia Pacific to tackle environmental risks,We’re launching the Google DeepMind Accelerator program in Asia Pacific to tackle environmental risks,,
09ee997d-7b2e-4f4a-a368-fe2ab4563a55,"Thu, 20 Ma",OTHER,NVIDIA,,,TechCrunch AI,https://techcrunch.com/2025/03/20/nvidia-thinks-ai-can-solve-electrical-grid-problems-caused-by-ai/,The Open Power AI Consortium says it will use domain-specific AI models to tackle problems in the power industry.,Nvidia thinks AI can solve electrical grid problems caused by AI,,
fa2e9256-ce60-4d28-9a8d-6f20ef6aefb1,"Thu, 20 Ma",DATACENTER_EXPANSION,Microsoft,,,TechCrunch AI,https://techcrunch.com/2025/03/20/solar-notches-another-win-as-microsoft-adds-475-mw-to-power-its-ai-data-centers/,The company recently signed a deal with energy provider AES for three solar projects across the Midwest.,Solar notches another win as Microsoft adds 475 MW to power its AI data centers,,
594c7f8d-a69e-4e17-924b-6ada98db13f0,"Thu, 13 Fe",DATACENTER_EXPANSION,,,,TechCrunch AI,https://techcrunch.com/2025/02/13/data-center-tweaks-could-unlock-76-gw-of-new-power-capacity-in-the-u-s/,A new study argues that data centers could be ideal demand-response participants because they have the potential to be flexible.,Data center tweaks could unlock 76 GW of new power capacity in the US,,
1370751d-61f3-4323-8823-c2fb491400c7,"Thu, 11 Ju",OTHER,OpenAI,,,OpenAI Blog,https://openai.com/index/supporting-eu-trustworthy-ai-ecosystem,"OpenAI supports the EU Code of Practice on AI content transparency, advancing provenance standards and tools to help people understand AI-generated content.",Supporting Europe’s work in ensuring a trustworthy AI ecosystem,,
38faae00-8983-4f3b-a59a-ffadb349597f,"Thu, 11 Ju",OTHER,OpenAI,,,OpenAI Blog,https://openai.com/index/bbva,"Learn how BBVA scaled ChatGPT Enterprise to 100,000 employees and partnered with OpenAI to accelerate AI-powered banking transformation worldwide.",BBVA puts AI at the core of banking with OpenAI,,
5ea2d826-cc78-40b2-abc5-9a03a73265ed,"Thu, 11 Ju",OTHER,,,,OpenAI Blog,https://openai.com/index/using-codex-to-simulate-black-holes,"Discover how astrophysicist Chi-kwan Chan uses Codex to build black hole simulations, helping scientists study extreme physics and test Einstein’s theory of general relativity.",How an astrophysicist uses Codex to help simulate black holes,,
39b55b64-b5d1-4123-97e6-879eb3df98b6,"Thu, 11 Ju",OTHER,OpenAI,,,OpenAI Blog,https://openai.com/index/openai-to-acquire-ona,"OpenAI plans to acquire Ona to expand Codex with secure, persistent cloud environments, enabling long-running AI agents across enterprise workflows.",OpenAI to acquire Ona,,
bdbde379-c520-4a51-bbca-c5221d3aae4b,"Thu, 11 Ju",OTHER,,,,NVIDIA Blog,https://blogs.nvidia.com/blog/geforce-now-thursday-summer-sale-2026/,"The GeForce NOW summer sale kicked off today with limited-time savings of up to $70 off a 12-month membership, making now the perfect time to upgrade to get the best of the cloud and see just how far Ultimate gaming can go. PC gamers are driven by one thing: the love of the game.",Save Big and Play Bigger: GeForce NOW Summer Sale Brings Major Membership Savings,,
00621951-2af7-4ed3-bba0-11f586c0d0a1,"Thu, 11 Ju",OTHER,Amazon,,,AWS ML Blog,https://aws.amazon.com/blogs/machine-learning/extract-data-with-on-demand-and-batch-pipelines-dynamically/,This post demonstrates an intelligent document processing pipeline that consists of both on-demand inference and batch inference options on Amazon Bedrock to enable the flexibility on the document processing time and cost.,Extract Data with On-demand and Batch Pipelines Dynamically,,
6976d98b-eafc-4861-8302-f125c8842a1c,"Thu, 11 Ju",MODEL_RELEASE,Amazon,Claude,,AWS ML Blog,https://aws.amazon.com/blogs/machine-learning/evaluate-ai-agents-systematically-with-agent-evalkit/,"Agent-EvalKit is an open-source toolkit (Apache 2.0) that makes this evaluation infrastructure available by integrating with AI coding assistants, including Claude Code, Kiro CLI, and Kilo Code. This post walks through how Agent-EvalKit works across its six evaluation phases, using a travel resea...",Evaluate AI agents systematically with Agent-EvalKit,,
a79a8637-a38a-49c8-9d57-156e97c24703,"Thu, 11 Ju",OTHER,Amazon,,,AWS ML Blog,https://aws.amazon.com/blogs/machine-learning/spot-trends-faster-sort-smarter-unlocking-sparklines-and-custom-sort-in-amazon-quick/,"Today, we’re excited to announce two new capabilities that make Quick Sight dashboards even more expressive and business-aligned: sparklines and custom sort for controls. In this post, we walk through both features, what they are, when to use them, and how to configure them, with real-world scena...","Spot trends faster, sort smarter: Unlocking Sparklines and Custom Sort in Amazon Quick",,
b03b07ee-8342-4322-9bbd-b2cd26a43f3d,"Thu, 11 Ju",OTHER,Amazon,,,AWS ML Blog,https://aws.amazon.com/blogs/machine-learning/optimize-blueprint-extraction-accuracy-in-amazon-bedrock-data-automation/,"Blueprint instruction optimization is a BDA feature that automatically refines your extraction instructions to address this challenge directly. You provide three to ten example documents with expected values, and BDA refines your blueprint instructions to improve accuracy in minutes, not weeks.",Optimize blueprint extraction accuracy in Amazon Bedrock Data Automation,,
b5a80bd1-b397-405a-b8f6-943910cf01be,"Thu, 11 Ju",OTHER,,,,AWS ML Blog,https://aws.amazon.com/blogs/machine-learning/how-frontier-teams-are-reinventing-ai-native-development/,Frontier teams are not just using AI to code faster. They’re redesigning how software gets built.,How frontier teams are reinventing AI-native development,,
efebdd6e-967b-412a-84b2-bd4990369019,"Thu, 11 Ju",OTHER,Microsoft,,,Azure AI Blog,https://azure.microsoft.com/en-us/blog/3-things-leaders-need-to-know-from-microsoft-build-2026/,"<p>At Microsoft Build 2026, AI moved from experimentation to execution—shifting from isolated tools to connected systems grounded in business data. Organizations that win will embed AI across workflows, scale it effectively, and translate it into measurable outcomes like faster growth, lower cost...",3 things leaders need to know from Microsoft Build 2026,,
3bbe092e-9a9e-49a5-8a76-262074a56502,"Thu, 04 Ju",OTHER,,,,OpenAI Blog,https://openai.com/index/endava-frontiers,"Learn how Endava is using AI agents, ChatGPT Enterprise, and Codex to accelerate software delivery, automate workflows, and build an AI-native culture across the enterprise.",How Endava is redesigning software delivery around AI agents,,
e51ff649-326b-43c6-8625-4889fa559ee2,"Thu, 04 Ju",OTHER,,,,OpenAI Blog,https://openai.com/index/chatgpt-memory-dreaming,"ChatGPT introduces a new memory system to better remember preferences, keeping context fresh and relevant across conversations.",Dreaming: Better memory for a more helpful ChatGPT,,
303234d5-4b0e-43aa-9884-576447b11591,"Thu, 04 Ju",OTHER,Intel,,,OpenAI Blog,https://openai.com/index/biodefense-in-the-intelligence-age,An action plan for AI-powered biological resilience,Biodefense in the Intelligence Age,,
425be50e-c3f6-459f-af68-ca7351eccff0,"Thu, 04 Ju",OTHER,,,,NVIDIA Blog,https://blogs.nvidia.com/blog/geforce-now-thursday-june-2026-games-list/,"June’s forecast with GeForce NOW: 100% chance of gaming. GeForce NOW is lining up new adventures for the month, from big-name blockbusters to quirky indies ready for the spotlight.",Forecast: Fun Ahead — 18 Games Join in June to Stream on GeForce NOW,,
8a3109c6-cf57-4e57-b6f8-1aac1d5ad170,"Sun, 30 Ma",OTHER,,,,TechCrunch AI,https://techcrunch.com/2025/03/30/data-centers-love-solar-heres-a-comprehensive-guide-to-deals-over-100-megawatts/,New and expanded data centers are expected to double the sector’s power demand by 2029 as tech companies rush to capitalize on AI.,Data centers love solar: Here’s a comprehensive guide to deals over 100 megawatts,,
94bc80ca-4574-4a9f-95af-31a186871665,"Sun, 17 Ma",OTHER,Google,,,Google DeepMind,https://deepmind.google/blog/simulate-real-world-places-with-project-genie-and-street-view/,We’re expanding access to Google AI Ultra subscribers globally and introducing a new capability powered by Street View.,Simulate real-world places with Project Genie and Street View,,
7bd69dd5-1778-4f88-a3d6-b8ccd4e2ffb6,"Sun, 17 Ma",MODEL_RELEASE,,Gemini,,Google DeepMind,https://deepmind.google/blog/introducing-gemini-omni/,Introducing Gemini Omni,Introducing Gemini Omni,,
22e0bbe9-107b-480e-9793-5b37a508b2f9,"Sun, 17 Ma",OTHER,Google,,,Google DeepMind,https://deepmind.google/blog/introducing-google-antigravity-2-0/,Introducing Google Antigravity 2.0,Introducing Google Antigravity 2.0,,
87aaf9ed-e9ac-4194-b432-2a970f8bfb1b,"Sun, 17 Ma",MODEL_RELEASE,,Gemini,,Google DeepMind,https://deepmind.google/blog/gemini-for-science-ai-experiments-and-tools-for-a-new-era-of-discovery/,A collection of science tools and experiments to expand the scale and precision of scientific exploration.,Gemini for Science: AI experiments and tools for a new era of discovery,,
06d63556-3907-4489-a0fe-d58d92305230,"Sun, 17 Ma",OTHER,,,,Google DeepMind,https://deepmind.google/blog/making-it-easier-to-understand-how-content-was-created-and-edited/,We're expanding our tools to help you understand how content was created and edited across the web.,Making it easier to understand how content was created and edited,,
96305be7-4d86-41ba-852b-19cc1bf84f3a,"Sun, 14 Ju",OTHER,OpenAI,,,OpenAI Blog,https://openai.com/index/introducing-openai-partner-network,"OpenAI launches the Partner Network, investing $150M to help global partners accelerate enterprise AI adoption, deployment, and transformation.",Introducing the OpenAI Partner Network,,
3f9257c8-c9f0-47a6-93b8-2ec725c55a52,"Sun, 07 Ju",OTHER,NVIDIA,,,NVIDIA Blog,https://blogs.nvidia.com/blog/nvidia-and-doosan-group-physical-ai/,"NVIDIA and Doosan Group are expanding their collaboration to advance new opportunities across physical AI, robotics and AI factory infrastructure, spanning Doosan Robotics, Doosan Bobcat, Doosan Enerbility and Doosan Corporation Electro-Materials BG. The collaboration will bring together NVIDIA’s...",NVIDIA and Doosan Group Collaborate to Advance Physical AI and AI Factory Infrastructure,,
4ed0264f-a348-4368-9679-d3bc059c0df1,"Sun, 07 Ju",OTHER,NVIDIA,,,NVIDIA Blog,https://blogs.nvidia.com/blog/krafton-nc-t1-korea-gaming-pc-bang-rtx-spark/,"At GTC Taipei at COMPUTEX last week, NVIDIA unveiled RTX Spark, the superchip that reinvents Windows PCs for the era of personal AI agents. On the heels of this announcement, NVIDIA founder and CEO Jensen Huang headed to South Korea, where he introduced RTX Spark to the nation’s passionate gaming...","NVIDIA, KRAFTON, NC and Reigning ‘League of Legends’ Champions T1 Celebrate RTX Spark at Korea’s PC Bangs",,
1254e51b-b33a-4752-ab76-cb1d80968df3,"Sat, 16 Ma",OTHER,Google DeepMind,,,Google DeepMind,https://deepmind.google/blog/strengthening-singapores-ai-future-a-new-national-partnership/,"Google DeepMind and Singapore partner to apply frontier AI to address complex challenges across health, education, and sustainability and more.",Strengthening Singapore’s AI Future: A New National Partnership,,
50053e1c-8b3f-4eae-bc01-989de39a3205,"Sat, 16 Ma",OTHER,,,,Google DeepMind,https://deepmind.google/blog/finding-the-molecular-switches-behind-new-infectious-diseases/,Clare Bryant uses Co-Scientist to identify genetic triggers in emerging infectious diseases.,Finding the molecular switches behind new infectious diseases,,
da87f105-45f8-4727-881e-a6cfa174d2b7,"Sat, 16 Ma",OTHER,,,,Google DeepMind,https://deepmind.google/blog/opening-new-paths-in-aging-research/,Calico Life Sciences uses Co-Scientist to connect scattered findings and generate new leads in aging research.,Opening new paths in aging research,,
bd8f588c-0453-41dc-8fb0-dbefd6cc8927,"Sat, 16 Ma",OTHER,,,,Google DeepMind,https://deepmind.google/blog/accelerating-discovery-of-liver-disease-mechanisms/,Filippo Menolascina uses Co-Scientist to identify new liver disease treatments and explain why existing drugs only help certain patients.,Accelerating discovery of liver disease mechanisms,,
9651b044-173c-4ece-942d-9732bc2c4ea1,"Sat, 16 Ma",OTHER,,,,Google DeepMind,https://deepmind.google/blog/uniting-biological-toolkits-for-a-new-approach-to-als/,Co-Scientist unites Boston Children’s Hospital and MIT’s labs to explore new RNA-based treatments for ALS.,Uniting biological toolkits for a new approach to ALS,,
08c64f44-68dc-47fa-93ef-751fffca90a7,"Sat, 16 Ma",OTHER,,,,Google DeepMind,https://deepmind.google/blog/uncovering-repurposed-medicines-to-fight-liver-fibrosis/,Stanford geneticist uses Co-Scientist to help find new treatments for chronic liver disease and liver fibrosis.,Uncovering repurposed medicines to fight liver fibrosis,,
47a2a1ae-aeda-484a-9247-fc634e3d1589,"Sat, 16 Ma",OTHER,,,,Google DeepMind,https://deepmind.google/blog/how-weathernext-helped-the-national-hurricane-center-better-predict-hurricane-melissas-historic-landfall-in-jamaica/,Learn how our WeatherNext AI model help forecasters give communities unprecedented time to prepare ahead of  the historic Hurricane Melissa.,How WeatherNext helped the National Hurricane Center better predict Hurricane Melissa’s historic landfall in Jamaica,,
3237d0f0-ab8d-484e-8948-965434d86269,"Mon, 27 Ap",DATACENTER_EXPANSION,,,,TechCrunch AI,https://techcrunch.com/2026/04/27/data-center-demand-drives-66-surge-in-natural-gas-power-plant-costs/,Natural gas power plant costs have nearly doubled in two years and take 23% longer to build as data center electricity demand skyrockets.,Data center demand drives 66% surge in natural gas power plant costs,,
060991ed-9f94-4f8f-8269-f9bb397a8073,"Mon, 19 Ja",OUTAGE,Anthropic,Claude 4,,VentureBeat AI,https://venturebeat.com/infrastructure/claude-code-costs-up-to-usd200-a-month-goose-does-the-same-thing-for-free,"<p>The artificial intelligence coding revolution comes with a catch: it&#x27;s expensive.</p><p><a href=""https://claude.com/product/claude-code"">Claude Code</a>, Anthropic&#x27;s terminal-based AI agent that can write, debug, and deploy code autonomously, has captured the imagination of software ...",Claude Code costs up to $200 a month. Goose does the same thing for free.,,
9e804016-1786-4a31-834b-3108693d1c04,"Mon, 18 Ma",OTHER,,,,Google DeepMind,https://deepmind.google/blog/fast-tracking-genetic-leads-to-reverse-cellular-aging/,Biologists use Co-Scientist to find novel factors that successfully rejuvenate human cells.,Fast-tracking genetic leads to reverse cellular aging,,
c9a1e3de-db54-4d6f-ae0f-dad650cceb7a,"Mon, 15 Ju",RESEARCH_BREAKTHROUGH,Meta,,,arXiv cs.AI,https://arxiv.org/abs/2606.13682,"arXiv:2606.13682v1 Announce Type: new 
Abstract: The open shop scheduling problem (OSSP) arises in many industrial and service settings but remains computationally challenging as the number of jobs and machines increases. While exact methods quickly become intractable, classical dispatching rules...",A Deep Reinforcement Learning (DRL)-Based Transformer Method for Solving the Open Shop Scheduling Problem,,
944a94dd-f9a2-4f6b-882b-7f5e57818f98,"Mon, 15 Ju",OUTAGE,,,,arXiv cs.AI,https://arxiv.org/abs/2606.13683,"arXiv:2606.13683v1 Announce Type: new 
Abstract: To address the challenge that current dialogue policy planning methods struggle to dynamically adapt to diverse user characteristics, this paper proposes a User Portrait based Nested Rollout Policy Adaptation (UP-NRPA) online framework with Large L...",UP-NRPA: User Portrait based Nested Rollout Policy Adaptation for Planning with Large Language Models in Goal-oriented Dialogue Systems,,
3499cec8-019f-4a29-8ea6-e810b6f6b839,"Mon, 15 Ju",RESEARCH_BREAKTHROUGH,,,,arXiv cs.AI,https://arxiv.org/abs/2606.13703,"arXiv:2606.13703v1 Announce Type: new 
Abstract: The Muddy Children Puzzle is a puzzle about knowledge and ignorance that has been inspiring for the development of epistemic logic. Who came up with it first?",History of the Muddy Children Puzzle,,
d82cb0c4-a98f-4f06-9e38-e84c23e1cabc,"Mon, 15 Ju",MODEL_RELEASE,Modal,,,arXiv cs.AI,https://arxiv.org/abs/2606.13707,"arXiv:2606.13707v1 Announce Type: new 
Abstract: The recent success of agent swarms has shifted the paradigm of large language model (LLM)-based agents from single-agent workflows to multi-agent systems, highlighting the importance of agent orchestration for task decomposition and collaboration. ...",Orchestra-o1: Omnimodal Agent Orchestration,,
8d175533-20fc-460f-b442-579977cf648a,"Mon, 15 Ju",MODEL_RELEASE,Intel,,,arXiv cs.AI,https://arxiv.org/abs/2606.13710,"arXiv:2606.13710v1 Announce Type: new 
Abstract: Deep research and agent evolution serve as de-facto tasks for AI agents in real-world applications toward artificial general intelligence. The former enables autonomous retrieval and integration of information in open-ended environments to tackle o...",Hybrid Open-Ended Tri-Evolution Makes Better Deep Researcher,,
1a7a0c71-3aca-40b1-94a1-f1c5a001b8d1,"Mon, 15 Ju",MODEL_RELEASE,,Claude,,arXiv cs.AI,https://arxiv.org/abs/2606.13715,"arXiv:2606.13715v1 Announce Type: new 
Abstract: The best agent on WorkBench in March 2024, GPT-4, completed 43% of tasks and took an unintended harmful action, such as emailing the wrong person, on 26% of them. We re-visit the benchmark in June 2026 and find that the best agent to date, Claude O...",WorkBench Revisited: Workplace Agents Two Years On,,
67acf55e-f7c7-43be-bdb4-76d853d9143f,"Mon, 15 Ju",RESEARCH_BREAKTHROUGH,Perplexity,,,arXiv cs.AI,https://arxiv.org/abs/2606.13720,"arXiv:2606.13720v1 Announce Type: new 
Abstract: Arditi et al. (2024) has shown that refusal in safety fine-tuned chat models is mediated by a single linear direction in the residual stream, recoverable by a difference-in-means (DiM) of harmful and harmless activations.",Refusal Beyond a Single Direction: A Preliminary Comparison of Diff-in-Means and INLP,,
e445549c-49b1-46ca-b529-05b1577dfda6,"Mon, 15 Ju",RESEARCH_BREAKTHROUGH,Intel,,,arXiv cs.AI,https://arxiv.org/abs/2606.13722,"arXiv:2606.13722v1 Announce Type: new 
Abstract: This paper introduces YeasierAgent, an application-building paradigm based on symbiotic agents, narrative worlds, and scene-aware interaction. It challenges the conventional device-coupled model of software by redefining applications as collaborati...",YeasierAgent: Agentic Social Sandbox as a Canvas for Intent-Driven Creation of Platform-Agnostic Symbiotic Agent-Native Applications,,
108c3706-1a29-4146-8d1f-1be5bcba6481,"Mon, 15 Ju",MODEL_RELEASE,Intel,,,arXiv cs.AI,https://arxiv.org/abs/2606.13731,"arXiv:2606.13731v1 Announce Type: new 
Abstract: Business intelligence (BI) increasingly combines dashboard interaction with LLM-based assistance, but these two modes often fall out of sync during multi-step analysis. As users switch between direct dashboard manipulation and natural-language quer...",TwinBI: An Agentic Digital Twin for Efficient Augmented Interactions with Business Intelligence Dashboards,,
486d5760-dae6-46a3-9670-fbb477ff7a25,"Mon, 15 Ju",RESEARCH_BREAKTHROUGH,,,,arXiv cs.AI,https://arxiv.org/abs/2606.13732,"arXiv:2606.13732v1 Announce Type: new 
Abstract: The proliferation of recursive training on synthetic data can alleviate data scarcity but risks model collapse, where repeated training erodes distributional tails and homogenizes outputs. Data selection is widely viewed as a remedy, yet its reliab...",When Sample Selection Bias Precipitates Model Collapse,,
b397fcbd-c694-4231-ad6c-68863fc75b07,"Mon, 15 Ju",RESEARCH_BREAKTHROUGH,Intel,,,arXiv cs.AI,https://arxiv.org/abs/2606.13734,"arXiv:2606.13734v1 Announce Type: new 
Abstract: Recent evidence reported by Tully, Longoni, and Appel (2025) suggests that lower artificial intelligence (AI) literacy predicts greater receptivity toward AI. We revisit this claim using the public data from Study 3 of that article, which measures ...",AI Receptivity or AI Adoption Breadth? A Tool-Specific Reanalysis of the Lower-Literacy/Higher-Usage Link,,
1ed79342-4f45-4770-8f2a-cb076ed767d7,"Mon, 15 Ju",MODEL_RELEASE,,GPT-5,,arXiv cs.AI,https://arxiv.org/abs/2606.13782,"arXiv:2606.13782v1 Announce Type: new 
Abstract: Large Language Models (LLMs) have made notable progress in automated theorem proving, yet existing formal benchmarks remain limited in both mathematical coverage and difficulty. Most are concentrated in areas that are easier to formalize, such as a...",MA-ProofBench: A Two-Tiered Evaluation of LLMs for Theorem Proving in Mathematical Analysis,,
c11ad366-af7d-485a-8d60-9b7b4ade7f4f,"Mon, 15 Ju",MODEL_RELEASE,,Claude,,arXiv cs.AI,https://arxiv.org/abs/2606.13815,"arXiv:2606.13815v1 Announce Type: new 
Abstract: Strategic reasoning under uncertainty underpins consequential decisions in negotiation, finance, and policy, but prevailing game-play benchmarks collapse heterogeneous reasoning dimensions into a single scalar, leaving the capability structure of f...",Poker Arena: Multi-Axis Profiling of Strategic Reasoning and Memory in LLMs,,
5ac18a2f-2c5e-4b77-8ad0-a572fb94e263,"Mon, 15 Ju",RESEARCH_BREAKTHROUGH,,,,arXiv cs.AI,https://arxiv.org/abs/2606.13871,"arXiv:2606.13871v1 Announce Type: new 
Abstract: Tabular data embeddings have become a cornerstone of data profiling and data integration pipelines, enabling tasks such as entity annotation and resolution; schema matching; column type detection; and table search, among others. Existing approaches...",Hyperdimensional computing for structured querying on tabular data embeddings,,
c77ad5a8-cdf7-4200-a57c-8f23602bc9a9,"Mon, 15 Ju",MODEL_RELEASE,,,,arXiv cs.AI,https://arxiv.org/abs/2606.13884,"arXiv:2606.13884v1 Announce Type: new 
Abstract: Modern decision systems increasingly rely on learned components whose outputs may be confident yet wrong, exposing downstream actions to costly errors. We introduce Risk-Aware Causal Gating (RACG), a framework that decides whether to act on, defer,...",Capability Minimization as a Safety Primitive: Risk-Aware Causal Gating for Least-Privilege LLM Agents,,
0c006002-2f5d-4c18-bcdd-1c451be3484b,"Mon, 15 Ju",RESEARCH_BREAKTHROUGH,Intel,,,arXiv cs.AI,https://arxiv.org/abs/2606.13916,"arXiv:2606.13916v1 Announce Type: new 
Abstract: Each year, college admissions offices face an overwhelming challenge: processing millions of high school transcripts, each with unique formats, grading systems, and layouts. This manual process creates operational bottlenecks that delay admissions ...",A Multi-Agent AI System for Automated High School Transcript Processing: Collaborative Document Analysis at Scale,,
1523814c-3639-4b34-853e-c0d6a12fb0b2,"Mon, 15 Ju",RESEARCH_BREAKTHROUGH,,,,arXiv cs.AI,https://arxiv.org/abs/2606.13925,"arXiv:2606.13925v1 Announce Type: new 
Abstract: Large language models can often close proof gaps in interactive theorem provers, but a verified theorem is not the same thing as a reusable library contribution. We study this distinction through a detailed case study: a semi-autonomous formalizati...",Sorries Are Not the Hard Part: An Expert-Review Case Study of a Semi-Autonomous Formalization,,
e13abd13-16f6-47f0-bcdb-3ce2cfbe8a06,"Mon, 15 Ju",MODEL_RELEASE,,,,arXiv cs.AI,https://arxiv.org/abs/2606.13934,"arXiv:2606.13934v1 Announce Type: new 
Abstract: Humans cannot always intuit what scenarios are most challenging to LLMs. Hoping to capture challenging edge cases, developers either design problems to be difficult for humans or curate extensive benchmarks.",Adversarial Concept Search: Predicting Compositional Errors From Feature Geometry,,
f5ce2598-8942-4f5f-8963-0a072c0486ed,"Mon, 15 Ju",MODEL_RELEASE,,,,arXiv cs.AI,https://arxiv.org/abs/2606.13949,"arXiv:2606.13949v1 Announce Type: new 
Abstract: Modern LLM-powered autonomous agents increasingly rely on rich user interface (UI) state observations to achieve reliable action grounding in complex digital environments. However, many deployments transmit the full UI state to remote inference ser...",Minim: Privacy-Aware Minimal View for Agents via Trusted Local Sanitization,,
fe5beffb-b47f-468c-a86e-a074e774fcd8,"Mon, 15 Ju",MODEL_RELEASE,,,,arXiv cs.AI,https://arxiv.org/abs/2606.14000,"arXiv:2606.14000v1 Announce Type: new 
Abstract: Recent work has demonstrated that coding agents can formalize entire advanced mathematics textbooks in Lean 4, yet existing efforts concentrate on branches of mathematics already well-represented in mathlib and measure success solely through kernel...",Formalizing Numerical Analysis: An Agent Pipeline and Quality Audit Beyond Kernel Acceptance,,
2a147773-9449-4a71-9754-3190677e0a1e,"Mon, 15 Ju",RESEARCH_BREAKTHROUGH,,,,arXiv cs.LG,https://arxiv.org/abs/2606.13705,"arXiv:2606.13705v1 Announce Type: new 
Abstract: Yes. Can it cure doom loops?",Can Editing 1 Neuron Fix Repetition Loops in LLMs?,,
18a3dca6-3bfd-4b01-a59c-448ee4ef88ac,"Mon, 15 Ju",GPU_RELEASE,,,,arXiv cs.LG,https://arxiv.org/abs/2606.13740,"arXiv:2606.13740v1 Announce Type: new 
Abstract: Diffusion large language models (dLLMs) accelerate generation by denoising multiple tokens in parallel, making them attractive for latency-sensitive mobile inference. However, repeated denoising introduces substantial computation on smartphones.",Efficient On-Device Diffusion LLM Inference with Mobile NPU,,
fa26fd78-3319-4258-9c78-9ea7c426956c,"Mon, 15 Ju",RESEARCH_BREAKTHROUGH,,,,arXiv cs.LG,https://arxiv.org/abs/2606.13741,"arXiv:2606.13741v1 Announce Type: new 
Abstract: This paper presents the design, development, and implementation of a specialized forecast-then-optimize algorithmic pricing tool for sales campaigns in fashion e-commerce. Sales events present unique challenges for pricing including volatile demand...",High-Frequency Pricing at Scale for E-Commerce,,
3ed44fe9-667d-4678-9403-c49639c1f48d,"Mon, 15 Ju",GPU_RELEASE,,,,arXiv cs.LG,https://arxiv.org/abs/2606.13742,"arXiv:2606.13742v1 Announce Type: new 
Abstract: The ability to resolve complex physical phenomena with high fidelity and at low computational cost is central to addressing key challenges in modern engineering. A prime example lies in hypersonic flows, where the precise prediction of the full flo...",A fully GPU-based workflow for building physics emulators of hypersonic flows,,
5ff25dea-431f-48ec-9998-4d7063201afb,"Mon, 15 Ju",RESEARCH_BREAKTHROUGH,,,,arXiv cs.LG,https://arxiv.org/abs/2606.13748,"arXiv:2606.13748v1 Announce Type: new 
Abstract: Personalized federated learning (PFL) is one of the important approaches in federated learning for addressing statistical heterogeneity while enabling client-specific adaptation. Many PFL methods split the model into shared and personalized paramet...",FedSPC: Shared Parameter Correction for Personalized Federated Learning,,
6c96987f-74fb-453c-9b72-cec7c80fddea,"Mon, 15 Ju",RESEARCH_BREAKTHROUGH,,,,arXiv cs.LG,https://arxiv.org/abs/2606.13753,"arXiv:2606.13753v1 Announce Type: new 
Abstract: Grokking is the delayed onset of generalization in neural networks, arising long after they fit the training data. Whether the weight norm causes this delay is disputed: some studies report a critical norm at the transition, others observe grokking...",The Weight Norm Sets the Grokking Timescale: A Causal Delay Law,,
70f28e9c-70a1-4d8e-82ae-303b26fcaa7d,"Mon, 15 Ju",RESEARCH_BREAKTHROUGH,Intel,,,arXiv cs.LG,https://arxiv.org/abs/2606.13754,"arXiv:2606.13754v1 Announce Type: new 
Abstract: Anomaly detection is a fundamental component of intelligent systems with applications in healthcare, cybersecurity, smart grids, and IoT environments. Although conventional machine learning and deep learning methods have demonstrated effectiveness ...",D2H-AD: A Hybrid Model Utilizing Hyperdimensional Computing for Advanced Anomaly Detection,,
cda27498-2720-4fdc-aa51-5687dda1a861,"Mon, 15 Ju",GPU_RELEASE,,,,arXiv cs.LG,https://arxiv.org/abs/2606.13767,"arXiv:2606.13767v1 Announce Type: new 
Abstract: Low-rank adaptation (LoRA) and its variants provide a memory- and compute-efficient alternative to full fine-tuning of pre-trained models. However, questions remain about the comparative generalizability of these approaches and how the structural r...",Beyond LoRA: Is Sparsity-Induced Adaptation Better?,,
39dfa4ca-6d1b-497b-a603-3ab4f956b118,"Mon, 15 Ju",RESEARCH_BREAKTHROUGH,,,,arXiv cs.LG,https://arxiv.org/abs/2606.13795,"arXiv:2606.13795v1 Announce Type: new 
Abstract: RL post-training has become increasingly pivotal for improving diffusion policies, but existing diffusion policy-gradient methods are often unstable and cannot achieve reliable policy improvement. We identify the cause as the double-drift phenomeno...",Diffusion Policy Optimization without Drifting Apart,,
a3902cef-1af4-4790-b411-474075772ebd,"Mon, 15 Ju",RESEARCH_BREAKTHROUGH,,,,arXiv cs.LG,https://arxiv.org/abs/2606.13801,"arXiv:2606.13801v1 Announce Type: new 
Abstract: Neural responses in cortex exhibit substantial trial-to-trial variability in response to repeated stimuli, while peripheral sensory neurons respond far more consistently, leading many to wonder whether stochasticity may carry meaning. Existing work...",Neural Variability Enhances Artificial Network Robustness,,
f6a8ac66-f92a-4679-aab2-f811aedb835f,"Mon, 15 Ju",RESEARCH_BREAKTHROUGH,,,,arXiv cs.LG,https://arxiv.org/abs/2606.13803,"arXiv:2606.13803v1 Announce Type: new 
Abstract: Enforcing functional inequality constraints such as monotonicity and convexity in neural networks is a fundamental challenge in many industrial and scientific applications. Classical one-sided penalty methods, along with primal-dual methods gated b...",Neural Slack Variables for Shape Constraints,,
99742fef-8056-49c1-9e5e-10a7f937d74c,"Mon, 15 Ju",RESEARCH_BREAKTHROUGH,,,,arXiv cs.LG,https://arxiv.org/abs/2606.13818,"arXiv:2606.13818v1 Announce Type: new 
Abstract: This thesis investigates how Bayesian principles can deepen our understanding of modern deep learning systems. While neural networks achieve remarkable predictive performance, their ability to generalize and to quantify uncertainty remains only par...",Uncertainty Estimation and Generalization Bounds for Modern Deep Learning,,
67f89809-a3c5-4a08-844c-8b8ad4cc480c,"Mon, 15 Ju",RESEARCH_BREAKTHROUGH,,,,arXiv cs.LG,https://arxiv.org/abs/2606.13821,"arXiv:2606.13821v1 Announce Type: new 
Abstract: Estimating the probability that a treatment outperforms a control for an individual patient, called the Individual Probability of Treatment Benefit (IPTB), offers a clinically intuitive alternative to population-average metrics. However, existing m...",Attention-Based Estimation of the Individual Treatment Benefit Probability under Dose Variation,,
6e15df2c-75f6-4d79-9a50-186e4779c24b,"Mon, 15 Ju",RESEARCH_BREAKTHROUGH,,,,arXiv cs.LG,https://arxiv.org/abs/2606.13823,"arXiv:2606.13823v1 Announce Type: new 
Abstract: We study training-free fixed-length descriptors for multivariate time series and ask not merely whether such a descriptor performs well, but when it can be expected to work at all. Our object of study is $D(\tau)$, built from a time-lagged correlat...",A Stationarity-and-Coupling Criterion for Training-Free Time-Lagged Spectral Embeddings of Multivariate Time Series,,
c394812d-289e-4b13-b5fd-aa16d29ee1c2,"Mon, 15 Ju",MODEL_RELEASE,,Qwen,,arXiv cs.LG,https://arxiv.org/abs/2606.13862,"arXiv:2606.13862v1 Announce Type: new 
Abstract: Long Chain-of-Thought (CoT) reasoning improves LLM problem-solving but is computationally expensive due to sequential token generation. While recent works explore reasoning in continuous latent spaces to bypass discrete token generation, they often...",SuperThoughts: Reasoning Tokens in Superposition,,
7dc2ccf6-241b-46b3-8de6-a8191830e458,"Mon, 15 Ju",RESEARCH_BREAKTHROUGH,Perplexity,,,arXiv cs.LG,https://arxiv.org/abs/2606.13867,"arXiv:2606.13867v1 Announce Type: new 
Abstract: Muon is an increasingly widely used optimizer that replaces a gradient $G=USV^\top$ with its polar factor $UV^\top$, thereby flattening the singular spectrum. However, full flattening discards singular-value information that may matter for adaptation.",Muon$^p$: Muon with Fractional Spectral Powers,,
9d40d875-8fec-4f43-b752-d74d18bd66f9,"Mon, 15 Ju",MODEL_RELEASE,,,,arXiv cs.LG,https://arxiv.org/abs/2606.13873,"arXiv:2606.13873v1 Announce Type: new 
Abstract: Unlearning aims to remove the influence of specific training data sources, but this has proved challenging because the contributions of different sources are entangled within the model. Isolating source contributions to disjoint parameters makes re...",Natively Unlearnable Large Language Models,,
a4061ca0-1dd3-4ad9-b39f-b094b5e3fa98,"Mon, 15 Ju",RESEARCH_BREAKTHROUGH,,,,arXiv cs.LG,https://arxiv.org/abs/2606.13880,"arXiv:2606.13880v1 Announce Type: new 
Abstract: Accurate estimation of long-term care transition probabilities is central to disability insurance pricing, reserving, and solvency assessment. Classical actuarial multi-state models commonly rely on Markov, semi-Markov, or proportional-hazard speci...",A Longitudinal Attribute-Conditioned Neural Network for Modeling Health-State Transition Probabilities in Temporally Irregular Data: The LANTERN Framework,,
e06dbdfc-6985-4a84-ab38-10483f9dc25c,"Mon, 15 Ju",RESEARCH_BREAKTHROUGH,Meta,,,arXiv cs.LG,https://arxiv.org/abs/2606.13894,"arXiv:2606.13894v1 Announce Type: new 
Abstract: AdamW is a default optimizer for modern deep learning, but its first and second moment states add roughly two parameter-sized buffers to training memory. We propose Gefen, a memory-efficient optimizer that automatically shares second-moment estimat...",Gefen: Optimized Stochastic Optimizer,,
ee5a0888-bba9-4f2d-aa60-b36582012752,"Mon, 15 Ju",RESEARCH_BREAKTHROUGH,,,,arXiv cs.LG,https://arxiv.org/abs/2606.13901,"arXiv:2606.13901v1 Announce Type: new 
Abstract: Spiking Neural Networks (SNNs) have emerged as an energy-efficient alternative to conventional neural networks, demonstrating strong performance in computer vision and robotics. More recently, SNNs have been applied to time series forecasting (TSF)...",SpikF-GO: Spiking Fourier Graph Operators for Multivariate Time Series Forecasting,,
5e083b9d-cb8f-41c0-9d62-60e75e9ea569,"Mon, 12 Ja",MODEL_RELEASE,Inflection,Claude,,VentureBeat AI,https://venturebeat.com/technology/anthropic-launches-cowork-a-claude-desktop-agent-that-works-in-your-files-no,"<p><a href=""https://www.anthropic.com/"">Anthropic</a> released <a href=""https://claude.com/blog/cowork-research-preview"">Cowork</a> on Monday, a new AI agent capability that extends the power of its wildly successful <a href=""https://claude.com/product/claude-code"">Claude Code</a> tool to non-tec...","Anthropic launches Cowork, a Claude Desktop agent that works in your files — no coding required",,
b68fe381-705f-4535-8efc-126b84177c80,"Mon, 11 Ma",OTHER,Microsoft,,,Azure AI Blog,https://azure.microsoft.com/en-us/blog/red-hat-summit-2026-platform-modernization-and-ai-on-azure-microsoft-red-hat-openshift/,"<p>Microsoft and Red Hat show how Azure Red Hat OpenShift powers modernization and production AI with secure, scalable enterprise governance.</p>
<p>The post <a href=""https://azure.microsoft.com/en-us/blog/red-hat-summit-2026-platform-modernization-and-ai-on-azure-microsoft-red-hat-openshift/"">Re...",Red Hat Summit 2026: Platform modernization and AI on Microsoft Azure Red Hat OpenShift,,
fd05d681-2aa1-4308-9049-ea323167b572,"Mon, 08 Ju",OTHER,OpenAI,,,OpenAI Blog,https://openai.com/index/openai-submits-confidential-s-1,OpenAI confirms a confidential S-1 submission to the SEC and has not yet determined timing for further action.,Confidential submission of draft S-1 to the SEC,,
951761cc-209c-4e92-afb7-278896f13f0b,"Mon, 08 Ju",OTHER,OpenAI,,,OpenAI Blog,https://openai.com/index/built-to-benefit-everyone-our-plan,"A vision for the future of AI, focusing on access, safety, and shared prosperity as OpenAI works to ensure AGI benefits everyone.",Built to benefit everyone: our plan,,
0020d2d5-2345-442f-b065-637346cba3c0,"Mon, 08 Ju",OTHER,OpenAI,,,OpenAI Blog,https://openai.com/index/economic-research-exchange,"OpenAI launches the Economic Research Exchange to study AI’s impact on jobs, productivity, and the economy. Applications are now open for selected research projects.",Introducing the OpenAI Economic Research Exchange,,
28940d5e-9450-4029-bec6-c2502ceb217e,"Mon, 08 Ju",MODEL_RELEASE,,Gemini,,Google DeepMind,https://deepmind.google/blog/measuring-the-impact-of-learning-with-ai-in-sierra-leone-and-beyond/,Results from a randomized controlled trial show the potential of Gemini’s Guided Learning feature to boost engagement and accelerate learning.,Measuring the impact of learning with AI in Sierra Leone and beyond,,
526eaa36-4002-4640-8c9e-be68229c6117,"Mon, 08 Ju",OTHER,NVIDIA,,,NVIDIA Blog,https://blogs.nvidia.com/blog/uk-sovereign-ai-advancements/,"A year ago at London Tech Week, NVIDIA founder and CEO Jensen Huang and U.K. Prime Minister Keir Starmer made a declaration: the U.K.",How the UK Is Turning Sovereign AI Ambition Into Action With NVIDIA Technologies,,
a5764951-7c4b-40af-a348-bab66e5b47a3,"Mon, 08 Ju",GPU_RELEASE,NVIDIA,,,NVIDIA Blog,https://blogs.nvidia.com/blog/nvidia-and-lg-group-ai-factory/,"NVIDIA and LG Group are building an AI factory to accelerate LG Group’s next wave of AI-driven businesses, spanning robotics, autonomous driving, data center technologies and GPU cloud services. The AI factory will provide LG Group with accelerated computing infrastructure to train, simulate, val...","NVIDIA and LG Group Build an AI Factory to Advance Physical AI, Mobility and AI Infrastructure",,
6f1e4c9b-4b7e-4221-97aa-320243bcf104,"Mon, 08 Ju",OTHER,Amazon,,,AWS ML Blog,https://aws.amazon.com/blogs/machine-learning/unlocking-ai-flexibility-in-europe-a-guide-to-cross-region-inference-for-eu-data-processing-and-model-access/,"With access to the latest generative AI models and high-performance accelerated compute in high global demand, AWS customers need tools to take advantage of model availability and capacity across multiple AWS Regions, while still meeting their security and privacy requirements. cross-Region Infer...",Unlocking AI flexibility in Europe: A guide to cross-region inference for EU data processing and model access,,
2476dcde-2ae8-4b1c-919e-b297c8d6b451,"Mon, 08 Ju",MODEL_RELEASE,Amazon,Claude,,AWS ML Blog,https://aws.amazon.com/blogs/machine-learning/its-safe-to-close-your-laptop-now-hosting-coding-agents-on-amazon-bedrock-agentcore/,"Amazon Bedrock AgentCore Runtime gives each agent session its own isolated microVM with a persistent workspace, secure tool access through Gateway, and built-in observability—so you can run Claude Code, Codex, Kiro, and Cursor in parallel without sharing secrets, ports, or filesystems. Close the ...",It’s safe to close your laptop now: Hosting coding agents on Amazon Bedrock AgentCore,,
75ab1a99-5faa-4770-9ac9-06b68b40c6a8,"Mon, 08 Ju",OTHER,,,,AWS ML Blog,https://aws.amazon.com/blogs/machine-learning/better-decisions-at-scale-how-mathematical-optimization-delivers-where-intuition-fails/,"In this post, we introduce mathematical optimization, explain how it fits within the broader AI landscape, and showcase real-world success stories where the Innovation Center has partnered with customers to deliver concrete results.",Better decisions at scale: How mathematical optimization delivers where intuition fails,,
cbde58de-2a9f-4b50-8e87-5c2cb47f92b9,"Mon, 08 Ju",OTHER,Amazon,,,AWS ML Blog,https://aws.amazon.com/blogs/machine-learning/end-to-end-encrypted-ml-inference-with-amazon-sagemaker-ai-and-fhe/,"This blog has previously discussed FHE for ML inference in the post Enable fully homomorphic encryption with Amazon SageMaker endpoints for secure, real-time inferencing, but this post goes a little further. That previous post showed how to implement FHE-based inference 'from scratch' by hand-cra...",End-to-end encrypted ML inference with Amazon SageMaker AI and FHE,,
fc2fd69c-0d11-4330-97d2-d19313f1893a,"Mon, 08 Ju",OTHER,Amazon,,,AWS ML Blog,https://aws.amazon.com/blogs/machine-learning/amazon-quick-arns-cross-account-migration-and-namespace-permissions/,"In this post, we cover the structure of Amazon Quick ARNs and provide a practical mental model for working with them. By the end, you can look at an ARN and immediately understand what it means for your migration strategy, diagnose permission issues faster, and design multi-tenant architectures w...",Amazon Quick ARNs: Cross-account migration and namespace permissions,,
14f44918-8eb4-4911-8877-2dc16aa562d7,"Mon, 08 Ju",MODEL_RELEASE,Amazon,,,AWS ML Blog,https://aws.amazon.com/blogs/machine-learning/evaluate-your-amazon-nova-sonic-voice-agent-at-scale-no-microphone-required/,"In this post, we walk you through the Nova Sonic Test Harness, an open source framework that we built to solve both problems. It serves as a rapid iteration tool for tuning system prompts and tool configurations (run a conversation, see results, adjust, repeat) and as a comprehensive evaluation f...","Evaluate your Amazon Nova Sonic voice agent at scale, no microphone required",,
25256412-7658-4fe6-b83f-4b7ae87b9606,"Mon, 04 Au",OTHER,Perplexity,,,TechCrunch AI,https://techcrunch.com/2025/08/04/perplexity-accused-of-scraping-websites-that-explicitly-blocked-ai-scraping/,"Internet giant Cloudflare says it detected Perplexity crawling and scraping websites, even after customers had added technical blocks telling Perplexity not to scrape their pages.",Perplexity accused of scraping websites that explicitly blocked AI scraping,,
e5fd293e-ccb9-49b3-b1e1-818d68214038,"Mon, 02 Ju",DATACENTER_EXPANSION,Microsoft,,,TechCrunch AI,https://techcrunch.com/2025/06/02/breakneck-data-center-growth-challenges-microsofts-sustainability-goals/,Microsoft's sustainability goals are imperiled by its push into AI and cloud services.,Breakneck data center growth challenges Microsoft’s sustainability goals,,
c84ea8cf-7a33-44f4-b063-881ab208c128,"Mon, 01 Ju",OTHER,NVIDIA,,,NVIDIA Blog,https://blogs.nvidia.com/blog/ai-cloud-ecosystem/,"The NVIDIA AI Cloud ecosystem is accelerating the global buildout of AI factory infrastructure. Partners are expanding capacity to meet growing demand from enterprises, startups, nations, AI labs and developers scaling agentic AI applications.",NVIDIA AI Cloud Ecosystem Expands Worldwide to Meet Global AI Compute Demand,,
d2f4b6ff-ea6a-408a-b5f8-5704aa9befe2,"Fri, 31 Oc",OTHER,Meta,,,TechCrunch AI,https://techcrunch.com/2025/10/31/meta-bought-1-gw-of-solar-this-week/,The social media company inked three deals in the U.S. to power its data centers and offset its carbon footprint.,Meta bought 1 GW of solar this week,,
91867892-98f4-41f2-83b6-99263ce2e8ba,"Fri, 29 Ma",MODEL_RELEASE,Anthropic,Claude,,Azure AI Blog,https://techcommunity.microsoft.com/blog/azure-ai-foundry-blog/claude-opus-4-8-is-now-available-in-microsoft-foundry/4523367,"<p>Claude Opus 4.8 is now available in Microsoft Foundry, giving developers and enterprises access to Anthropic’s most capable Opus model for coding, agentic tasks, and professional work.</p>
<p>The post <a href=""https://techcommunity.microsoft.com/blog/azure-ai-foundry-blog/claude-opus-4-8-is-no...",Claude Opus 4.8 is now available in Microsoft Foundry,,
beede7a2-5189-4844-bba8-17e0f2011994,"Fri, 16 Ja",FUNDING_EVENT,Microsoft,Claude,,VentureBeat AI,https://venturebeat.com/technology/listen-labs-raises-usd69m-after-viral-billboard-hiring-stunt-to-scale-ai,"<p>Alfred Wahlforss was running out of options. His startup, <a href=""https://listenlabs.ai/"">Listen Labs</a>, needed to hire over 100 engineers, but competing against Mark Zuckerberg&#x27;s <a href=""https://news.bloomberglaw.com/employee-benefits/zuckerbergs-100-million-ai-job-offers-pay-off-par...",Listen Labs raises $69M after viral billboard hiring stunt to scale AI customer interviews,69000000,
5a815c64-873e-412c-836d-158a8c816bbe,"Fri, 12 Ju",OTHER,OpenAI,,,OpenAI Blog,https://openai.com/index/academy-courses-applying-ai-at-work,"OpenAI introduces three Academy courses that help people build practical AI skills, create repeatable workflows, and apply agents in everyday work.",New OpenAI Academy courses for the next era of work,,
2c75c1fd-8a9b-41b5-ae68-80ef6b9ddcd7,"Fri, 12 Ju",OTHER,OpenAI,,,OpenAI Blog,https://openai.com/index/preply,"Preply uses OpenAI to launch AI-generated lesson summaries, providing personalised feedback and language learning exercises.",How Preply combines AI and human tutors to personalize learning,,
674ab0dc-776f-4041-8076-4952eaa91e92,"Fri, 12 Ju",GPU_RELEASE,NVIDIA,,,NVIDIA Blog,https://blogs.nvidia.com/blog/nvidia-blackwell-agentperf-artificial-analysis/,"AgentPerf from Artificial Analysis, the industry’s first agentic AI benchmark, gives developers, enterprises and infrastructure providers a clear way to compare systems for agentic AI. In the first round of published results, the NVIDIA Blackwell Ultra NVL72 platform delivers leading performance ...",NVIDIA Blackwell Leads on First Agentic AI Infrastructure Benchmark,,Blackwell Ultra
e6353b57-e796-4157-b2fc-204abea11758,"Fri, 12 Ju",OTHER,Amazon,,,AWS ML Blog,https://aws.amazon.com/blogs/machine-learning/building-supercharger-how-rocket-close-optimized-title-operations-with-agentic-ai/,"In this post, we explore how Rocket Close built a solution using Strands Agents, large language models (LLMs), Amazon Bedrock, Amazon Bedrock Knowledge Bases, and Model Context Protocol (MCP) tools. We cover solution features, the rationale for the technology stack, lessons learned, and the busin...",Building Supercharger: How Rocket Close optimized title operations with agentic AI,,
285ac8e3-7e40-4adb-9ae7-b60a5ad77e7c,"Fri, 12 Ju",OTHER,Amazon,,,AWS ML Blog,https://aws.amazon.com/blogs/machine-learning/build-a-meeting-prep-and-follow-up-assistant-with-amazon-quick-and-cisco-webex-mcp-servers/,"This post shows how to build a custom meeting prep and follow-up assistant using Amazon Quick and Cisco Webex MCP servers. From a single prompt, the agent finds an upcoming Webex meeting, reviews prior meeting summaries and transcripts, and pulls related Vidcast highlights and transcript context.",Build a meeting prep and follow-up assistant with Amazon Quick and Cisco Webex MCP servers,,
0d7a8a2f-f939-4909-b3aa-53650683a504,"Fri, 12 Ju",OTHER,Amazon,,,AWS ML Blog,https://aws.amazon.com/blogs/machine-learning/from-pdfs-to-insights-architecting-an-intelligent-document-processing-pipeline-with-aws-generative-ai-services/,"This post outlines the development of a cost-effective and scalable intelligent document processing pipeline on AWS, powered by Amazon Bedrock and its features. BDA is a managed service within Amazon Bedrock that automates the extraction of insights from documents.",From PDFs to insights: Architecting an intelligent document processing pipeline with AWS generative AI services,,
536dcd94-df3c-4994-9575-d7b6df9dc7ff,"Fri, 12 Ju",OTHER,Intel,,,AWS ML Blog,https://aws.amazon.com/blogs/machine-learning/built-from-the-inside-out-how-aws-professional-services-became-a-frontier-team-first/,"AWS Professional Services (AWS ProServe) compressed engagement timelines from months to days, not by adding artificial intelligence (AI) tools to an existing process, but by fundamentally rebuilding how we deliver from the inside out. In this post, we share how AWS ProServe became a frontier team...",Built from the inside out: How AWS Professional Services became a frontier team first,,
6dc986b7-5af2-47be-994a-a5e6bbbdda2c,"Fri, 07 Fe",FUNDING_EVENT,,,,TechCrunch AI,https://techcrunch.com/2025/02/07/self-inspection-raises-3m-for-its-ai-powered-vehicle-inspections/,"A number of startups are racing to make vehicle inspections faster, easier, and cheaper. Self Inspection, a startup based in San Diego, thinks it has them all beat with its AI-powered service &#8212; and now it has convinced outside investors.",Self Inspection raises $3M for its AI-powered vehicle inspections,3000000,
6f66afbb-195b-4b1a-a8be-5fc4e0461f37,"Fri, 05 Ju",OTHER,NVIDIA,,,NVIDIA Blog,https://blogs.nvidia.com/blog/korea-ecosystem-2026/,"Home to cutting-edge sovereign AI infrastructure and robotics innovators, as well as one of the world’s most passionate gaming communities, South Korea is one of the world’s centers of AI. NVIDIA founder and CEO Jensen Huang is in Seoul this week to meet the partners and builders behind that work.",Seoul Purpose: How NVIDIA and South Korea Are Building the Future of AI,,
3d184f0f-3898-40a1-a367-c60447889caf,2026-06-14,OTHER,Anthropic,,,The Verge AI,https://www.theverge.com/ai-artificial-intelligence/949644/china-white-house-anthropic-mythos,"According to a new report from Semafor, the White House's decision to impose export restrictions on Anthropic's Mythos was driven in part by fears that it had been accessed by a group linked to China. If the Chinese government actually had access to Mythos 5 or Fable 5, it would present a serious...",China may have accessed Mythos,,
e4481fc1-347c-4611-b7ed-49f5e7f53d94,2026-06-13,POLICY_REGULATION,Anthropic,,,The Verge AI,https://www.theverge.com/ai-artificial-intelligence/949601/amazon-anthropic-fablemythos-government-ban,"According to the Wall Street Journal, the export control directive that led to Anthropic cutting off access to Fable 5 and Mythos 5 was triggered in part by cybersecurity research from Amazon and conversations between CEO Andy Jassy and the White House. According to the report, the paper from Ama...",Amazon security research reportedly led to the White House’s Anthropic Fable ban,,
732240c1-53de-4e6b-bdc8-51baee5c03b2,2026-06-13,MODEL_RELEASE,,Gemini,,The Verge AI,https://www.theverge.com/ai-artificial-intelligence/942119/vibecoding-backyard-app-gardening-organizing,"When I returned to my computer five minutes after giving Gemini a lengthy prompt, I had two things: a functional app in a preview window, and a message about a bug. ""~ Channel is unrecoverably broken and will be disposed!"" Sounded bad!","My yard is dying, so I made an app for that",,
27bbcaba-6744-44e7-bdd8-b11e836e5534,2026-06-13,OTHER,Anthropic,,,The Verge AI,https://www.theverge.com/ai-artificial-intelligence/949553/anthropic-fable-5-mythos-5-government-national-security,"On Friday evening, the government ordered Anthropic to block access to Fable 5 and Mythos 5 for all foreign nations, both inside and outside the US, due to national security concerns. That order included employees of Anthropic.",Anthropic cuts off Fable 5 and Mythos 5 access following government order,,
538d29a1-0c29-450c-9498-d2e65b80d2f3,2026-06-13,OTHER,Google,,,The Verge AI,https://www.theverge.com/tech/949360/apple-ai-photo-edit-reframe-extend-clean-up-hands-on,"The most popular camera in the world just got its first set of serious AI photo editing features, and I don't think any of us are ready. As far as AI photo editing goes, the new features in iOS 27 are pretty tame compared to what you can do on, say, Google's Pixel phones.","Apple’s new AI photo editing tools mostly work, for better and worse",,
eec838dc-4528-4b64-8642-ae01bb434a00,2026-06-13,OTHER,,,,The Verge AI,https://www.theverge.com/ai-artificial-intelligence/948425/tribeca-2026-dear-upstairs-neighbors-google-deepmind-openai,"For all the noise that's been made about how generative AI is poised to revolutionize the filmmaking industry, there haven't really been any projects created with the technology that felt like the sort of entertainment people would pay to see. Most AI firms' video models are still only capable of...",The future of Hollywood isn’t feeding prompts into vanilla gen AI models,,
ad9d509b-62ba-48ba-8fc5-586a36147aa2,2026-06-12,OTHER,Apple,,,The Verge AI,https://www.theverge.com/podcast/949079/siri-ai-good-vergecast,"You'd be forgiven for thinking this day would never come. Siri has spent a decade and half somewhere between ""sort of useful at a few things"" and ""utterly disastrous, why did I even try, can it honestly not even set a timer."" But the wildest thing just happened: Apple put out a new version of [&#...",Siri is good now??,,
275ab5fc-0283-4635-b6a2-f421a9d568b1,2026-06-12,FUNDING_EVENT,Tesla,,,The Verge AI,https://www.theverge.com/ai-artificial-intelligence/948409/elon-musk-trillionaire-spacex-ipo,"Elon Musk's net worth has passed the trillion-dollar mark after SpaceX's IPO. His net worth, which was hovering around $800 billion before the IPO, includes the value of his 4.8 billion shares in SpaceX, along with his wealth from his other companies, like Tesla.",Elon Musk is the world&#8217;s first trillionaire,800000000000,
ac1a7771-be5a-4648-9225-a0c58c13438a,2026-06-12,FUNDING_EVENT,,,,The Verge AI,https://www.theverge.com/business/948996/spacex-ipo-elon-musk,"SpaceX&#8217;s IPO on Friday allows the public to buy shares of the combined rocket, AI, and social media company for the first time, and raised enough money to make Elon Musk the first trillionaire. He has more wealth, on paper at least, than the economies of nations like Ireland, Sweden, or his...",SpaceX’s massive IPO: all the latest news,,
311c9ff8-57bc-4fa4-be2f-4dfdfc4f4ef3,2026-06-12,OTHER,Amazon,,,The Verge AI,https://www.theverge.com/ai-artificial-intelligence/949005/jeff-bezos-prometheus-artificial-general-engineer,"Amazon founder Jeff Bezos says his new AI startup will work toward developing an ""artificial general engineer,"" according to reports from The New York Times and CNBC. The startup, called Prometheus, aims to develop AI-powered engineering tools to aid in the design of physical products.",Jeff Bezos’ AI startup aims to build an ‘artificial general engineer’,,
