event_id,date,category,company,product,location,source,url,summary,title,funding_usd
7a9e9a2a-3c53-4249-a52b-e8438d9c78c4,"Wed, 26 Fe",FUNDING_EVENT,,,,TechCrunch AI,https://techcrunch.com/2025/02/25/elevenlabs-is-now-letting-authors-create-and-publish-audiobooks-on-its-own-platform/,"Voice AI company ElevenLabs is now letting authors publish AI-generated audiobooks on its own Reader app, TechCrunch has learned and the company confirmed. The announcement comes days after the company partnered with Spotify for AI-narrated audiobooks.",ElevenLabs now lets authors create and publish audiobooks on its own platform,180000000
b9bbba85-0329-402f-b2e3-371b08f1392d,"Wed, 24 Ju",FUNDING_EVENT,Beyond Trajectory Imitation,Qwen,,arXiv cs.AI,https://arxiv.org/abs/2606.24064,"arXiv:2606.24064v1 Announce Type: new 
Abstract: Distilling reasoning capabilities from strong to weak language models typically involves imitating specific solution trajectories, effectively transferring what to answer rather than how to reason. This trajectory-level imitation encourages memoriz...",Beyond Trajectory Imitation: Strategy-Guided Policy Optimization for LLM Reasoning,
96f41a84-39ee-4c29-bb22-9500196202a4,"Wed, 24 Ju",FUNDING_EVENT,Chemical-Informed Gaussian Processes for Reaction Network Discovery,,,arXiv cs.LG,https://arxiv.org/abs/2606.23757,"arXiv:2606.23757v1 Announce Type: new 
Abstract: Extracting interpretable governing equations from sparse, noisy chemical time-series data remains difficult because discrete reaction topology and continuous kinetic parameters are tightly coupled. We present PC-MCMC-CIGP, a reproducible gray-box w...",Synergizing Physically Constrained MCMC and Chemical-Informed Gaussian Processes for Reaction Network Discovery,
b1a6ecbc-7bcf-40d6-b19c-140054a5a97e,"Wed, 24 Ju",FUNDING_EVENT,ARIA,,,arXiv cs.LG,https://arxiv.org/abs/2606.23898,"arXiv:2606.23898v1 Announce Type: new 
Abstract: Distilling conditional diffusion models aims to transfer the behavior of a large teacher to a smaller student while preserving alignment across conditioning inputs. Unlike recognition tasks, knowledge distillation in conditional diffusion often str...",ARIA: Adaptive Region-Based Importance Allocation for Conditional Diffusion Distillation,
06257adf-fbf2-49cf-b0bf-41cf92bf86ab,"Wed, 17 Ju",FUNDING_EVENT,Skill-Constrained Model Predictive Control for Resilient Manufacturing Supply Chains,,,arXiv cs.AI,https://arxiv.org/abs/2606.17269,"arXiv:2606.17269v1 Announce Type: new 
Abstract: In skill-constrained production-inventory systems, the qualified human capacity available tomorrow depends on training decisions made today: production requires certified workers, certifications decay unless maintained, and training consumes the sa...",Skill-Constrained Model Predictive Control for Resilient Manufacturing Supply Chains,
f987e244-45ca-4286-8b43-f382c8f84c39,"Wed, 17 Ju",FUNDING_EVENT,ELK,Phi-3,GPT-2,arXiv cs.LG,https://arxiv.org/abs/2606.17229,"arXiv:2606.17229v1 Announce Type: new 
Abstract: A model that lies while knowing the truth is the central case ELK cannot handle with behavioral evaluation alone. We ask whether such deception leaves an internal signature distinguishing it from honest error.",Rift: A Conflict Signature for Deception in Language Models,
b6c48d71-7099-4a0c-8c27-8f24d581fa2c,"Wed, 17 Ju",FUNDING_EVENT,,,,arXiv cs.LG,https://arxiv.org/abs/2606.17331,"arXiv:2606.17331v1 Announce Type: new 
Abstract: Geosteering requires navigating a well trajectory through an unknown geological configuration, while sequentially updating decisions based on indirect measurements acquired during drilling. This work presents an uncertainty-aware geosteering framew...",Decision-Driven Geosteering Under Uncertainty: A Unified Framework for Sequential Decision Optimization,
262aa9a9-f339-48e3-9a0d-345d1df87ea4,"Wed, 10 Ju",FUNDING_EVENT,Google DeepMind,,,Google DeepMind,https://deepmind.google/blog/investing-in-multi-agent-ai-safety-research/,Google DeepMind and partners announce a $10M funding call for multi-agent safety research.,Investing in multi-agent AI safety research,10000000
3fe6a86d-5a26-43fb-99b6-c16508a2a1bf,"Wed, 08 Ju",FUNDING_EVENT,AI,,,arXiv cs.AI,https://arxiv.org/abs/2607.05456,"arXiv:2607.05456v1 Announce Type: new 
Abstract: While recent advances in large language models have enabled end-to-end automated manuscript generation, existing systems suffer from three critical deficiencies: (i) generated claims are not deterministically grounded in verifiable literature, (ii)...",Prompt-to-Paper: Agentic AI System for Bioinformatics,
051d56aa-52f9-4c7c-b611-f108e540d525,"Wed, 08 Ju",FUNDING_EVENT,AI,,,arXiv cs.AI,https://arxiv.org/abs/2607.05571,"arXiv:2607.05571v1 Announce Type: new 
Abstract: Large language models are increasingly explored as AI tutors, yet deploying them in K-12 settings raises concerns around privacy, cost, and reliance on proprietary models. Small language models (SLMs) offer a promising alternative, but selecting th...",CSTutorBench: Benchmarking Small Language Models as Tutors for Block-Based Programming,
6266aab7-bf6e-4917-85d3-7143aeac1046,"Wed, 08 Ju",FUNDING_EVENT,Intel,,,arXiv cs.LG,https://arxiv.org/abs/2607.05436,"arXiv:2607.05436v1 Announce Type: new 
Abstract: The rapid scaling of over-parameterized machine learning architectures, particularly LLMs, raises a profound crisis: do these systems exhibit genuine intelligence, or are they merely sophisticated statistical pattern matchers? Classical flat Euclid...",Statistically Meaningful Geometry and Gauge Symmetry Breaking: A Geometric Foundation for Scientific Discovery and Intelligence Emergence,
69217abd-6c2b-4b86-bb0f-b5b76c66d1f9,"Wed, 07 Ja",FUNDING_EVENT,Hugging Face,DeepSeek,,VentureBeat AI,https://venturebeat.com/technology/nous-researchs-nouscoder-14b-is-an-open-source-coding-model-landing-right-in,"<p><a href=""https://nousresearch.com/"">Nous Research</a>, the open-source artificial intelligence startup backed by crypto venture firm <a href=""https://www.paradigm.xyz/"">Paradigm</a>, released a new competitive programming model on Monday that it says matches or exceeds several larger proprieta...",Nous Research's NousCoder-14B is an open-source coding model landing right in the Claude Code moment,65000000
598e57c2-d93f-4d4f-9834-7aabae72db91,"Wed, 01 Ju",FUNDING_EVENT,Meta,,,arXiv cs.AI,https://arxiv.org/abs/2606.30997,"arXiv:2606.30997v1 Announce Type: new 
Abstract: We present a three-phase deep reinforcement learning system for personalized portfolio management that addresses three limitations shared by all prior financial RL work: 1) ticker lock-in, 2) monolithic objectives , and 3) static user models. Phase...",A Three-Phase Foundation Model for Tax-Aware Personalized Portfolio Management,
14567a98-6dfb-4f2d-bef5-667c9b808907,"Wed, 01 Ju",FUNDING_EVENT,TS,,,arXiv cs.LG,https://arxiv.org/abs/2606.30778,"arXiv:2606.30778v1 Announce Type: new 
Abstract: Mapping a chemical reaction network, the graph of minima and transition states (TS) and the elementary reactions connecting them, is the natural language of chemistry, from catalysis to combustion to the origin of life. Constructing such a reaction...",ReactionAtlas: Ab origine exploration of chemical reaction networks with machine learning,
56beb7d1-fb9f-419a-a990-31e7b88851e3,"Tue, 30 Ju",FUNDING_EVENT,,,,arXiv cs.LG,https://arxiv.org/abs/2606.28525,"arXiv:2606.28525v1 Announce Type: new 
Abstract: Fine-tuning on harmless data can partially undo behaviors acquired earlier in training. Safety can erode under benign post-alignment updates, unlearned capabilities can re-emerge, latent traits can transfer through apparently unrelated supervision,...",A Gravitational Interpretation of Fine-Tuning Reversion,
b5ff7585-2dcc-4666-874c-8b010c862f1e,"Tue, 27 Ma",FUNDING_EVENT,,,,TechCrunch AI,https://techcrunch.com/2025/05/27/gridcare-thinks-more-than-100-gw-of-data-center-capacity-is-hiding-in-the-grid/,Gridcare raised $13.3 million for its data platform that finds underutilized capacity on the electrical grid.,Gridcare thinks more than 100 GW of data center capacity is hiding in the grid,13300000
92f3e961-7c6d-4204-a19f-779ebedb93cc,"Tue, 23 Ju",FUNDING_EVENT,ToT,Llama,,arXiv cs.AI,https://arxiv.org/abs/2606.20599,"arXiv:2606.20599v1 Announce Type: new 
Abstract: Tree of Thought (ToT) search has become a promising direction for improving the reasoning capabilities of large language models, but deploying these methods in practice raises a question that has received little systematic attention: how do differe...",Beyond Fixed Budgets: Characterizing the Inelasticity and Limitations of Tree-of-Thought Reasoning Strategies,
9cfad8c3-b4d7-4c40-8aef-2d828ede7d3e,"Tue, 23 Ju",FUNDING_EVENT,SkillHarness,,,arXiv cs.AI,https://arxiv.org/abs/2606.20636,"arXiv:2606.20636v1 Announce Type: new 
Abstract: Computer-Use Agents (CUAs) are increasingly deployed in dynamic interactive environments, creating a growing need for continual skill learning during interaction. Recent approaches address this challenge by learning reusable skills from successful ...",SkillHarness: Harnessing Safe Skills for Computer-Use Agents,
5fb05758-bb89-46de-8eb9-47ce4f5deb4a,"Tue, 23 Ju",FUNDING_EVENT,NeuroShield,,,arXiv cs.LG,https://arxiv.org/abs/2606.20673,"arXiv:2606.20673v1 Announce Type: new 
Abstract: A central challenge in EEG authentication is that models are typically tied to the acquisition settings in which they are trained. In particular, variations in headset hardware, channel layout, and signal duration create heterogeneous recordings th...",NeuroShield: A Device-Agnostic Foundation Model for EEG Authentication,
b993594b-e46d-48a8-96b9-ef53ef6a9398,"Tue, 19 Ma",FUNDING_EVENT,Google DeepMind,Gemini,,VentureBeat AI,https://venturebeat.com/technology/google-just-redesigned-the-search-box-for-the-first-time-in-25-years-heres-why-it-matters-more-than-you-think,"<p>For a quarter century, the Google search box has been one of the most recognizable interfaces in computing: a thin white rectangle, a blinking cursor, a few typed words, and a list of blue links. On Tuesday, Google will formally retire that paradigm.</p><p>At its annual <a href=""https://io.goo...",Google just redesigned the search box for the first time in 25 years — here’s why it matters more than you think.,190000000000
9a92760a-9cd8-43a9-a1db-a7ea49684004,"Tue, 16 Ju",FUNDING_EVENT,LLM,,,arXiv cs.AI,https://arxiv.org/abs/2606.15029,"arXiv:2606.15029v1 Announce Type: new 
Abstract: LLM judges are used to reduce the need for costly human labor in evaluating open-ended text generation. However, the reliability of these judges depends critically on their alignment with human raters -- a property that itself depends on costly hum...",Metric Match: A Subset Selection Approach to Evaluating LLM Judge Reliability,
49c06ade-cdc8-417c-8916-684cdc4f069d,"Tue, 13 Ja",FUNDING_EVENT,OpenAI,,,TechCrunch AI,https://techcrunch.com/2026/01/13/ai-drug-discovery-startup-converge-bio-pulls-in-25m-from-bessemer-and-execs-from-meta-openai-and-wiz/,"AI drug discovery startup Converge Bio raised $25 million in a Series A led by Bessemer Venture Partners, with additional backing from executives at Meta, OpenAI, and Wiz.","Converge Bio raises $25M, backed by Bessemer and execs from Meta, OpenAI, Wiz",25000000
506f86ea-367c-4f7d-8021-8850b663b8e2,"Tue, 07 Ju",FUNDING_EVENT,Intel,,,arXiv cs.AI,https://arxiv.org/abs/2607.02983,"arXiv:2607.02983v1 Announce Type: new 
Abstract: Recent reasoning-centric Large Language Models (LLMs) have made significant strides, yet they predominantly operate on a passive-inference pattern that assumes complete information. In contrast, real-world clinical intelligence is inherently an ite...",Reinforcement Learning for Evidence-Seeking Diagnostic Reasoning with Large Language Models,
6362003c-862c-4d38-b11a-cce505375462,"Tue, 07 Ju",FUNDING_EVENT,Large Language Models,,,arXiv cs.AI,https://arxiv.org/abs/2607.03303,"arXiv:2607.03303v1 Announce Type: new 
Abstract: While Large Language Models (LLMs) can provide personalized support in learning, several studies have raised concerns regarding their use in education. Importantly, learning depends on how students engage with LLMs.",Reflective Dialogue or Prompt Refinement? Effects of Tutor Scaffolding on Students' Independent LLM Use for Programming,
b789b1a8-a7fc-40fc-8d41-fac237638d73,"Tue, 07 Ju",FUNDING_EVENT,Federated Learning for Object Detection:,,,arXiv cs.LG,https://arxiv.org/abs/2607.02636,"arXiv:2607.02636v1 Announce Type: new 
Abstract: Object detection is a fundamental capability for AI-driven perception in safety-critical drone and edge-vision systems, including disaster response, operational security environments, infrastructure monitoring and defense applications. Robust model...",Federated Learning for Object Detection: Enabling Collaborative Drone Learning Without Centralizing Data,
a3703f40-f913-4e0d-95fd-0161881da2c8,"Thu, 25 Ju",FUNDING_EVENT,Intel,,,arXiv cs.LG,https://arxiv.org/abs/2606.24900,"arXiv:2606.24900v1 Announce Type: new 
Abstract: This paper proposes a new approach to near-sensor computing, in which a lightweight Neural Architecture Search (NAS) is performed directly on the deployment device to find the best tiny neural architecture for analyzing the real-time data acquired ...",On-Device Neural Architecture Search,
8d954372-a151-4c47-ad90-641ac163591f,"Thu, 25 Ju",FUNDING_EVENT,SEC,,U.S.,arXiv cs.LG,https://arxiv.org/abs/2606.24950,"arXiv:2606.24950v1 Announce Type: new 
Abstract: Financial decision-making is contextual: forecasting prices, valuing companies, and assessing event exposure weigh price history, accounting fundamentals, macroeconomic regime, and contemporaneous text. A benchmark over these four signals is hard t...",MacroLens: A Multi-Task Benchmark for Contextual Financial Reasoning under Macroeconomic Scenarios,
a134720f-0aa8-4ac2-8c58-b2d66e87950a,"Thu, 22 Ja",FUNDING_EVENT,Microsoft,Claude,,VentureBeat AI,https://venturebeat.com/infrastructure/railway-secures-usd100-million-to-challenge-aws-with-ai-native-cloud,"<p><a href=""https://railway.com/"">Railway</a>, a San Francisco-based cloud platform that has quietly amassed two million developers without spending a dollar on marketing, announced Thursday that it raised $100 million in a Series B funding round, as surging demand for artificial intelligence app...",Railway secures $100 million to challenge AWS with AI-native cloud infrastructure,100000000
a66a8157-be5d-4e6b-97b4-d73029fd5205,"Thu, 18 Ju",FUNDING_EVENT,SFT,,,arXiv cs.LG,https://arxiv.org/abs/2606.18307,"arXiv:2606.18307v1 Announce Type: new 
Abstract: Optimizing the training data distribution for Supervised Fine-Tuning (SFT) dictates the capability of Large Language Models (LLMs). While existing data curation methods excel at accelerating training under constrained budgets, they are less suited ...",DRIFT: Refining Instruction Data via On-Policy Data Attribution,
532f694a-747b-4d81-bbed-b9cdf03888fe,"Thu, 09 Ju",FUNDING_EVENT,"Reason Less, Verify More: Deterministic Gates Recover a Silent Policy-Violation Failure Mode",GPT-4o,,arXiv cs.AI,https://arxiv.org/abs/2607.07405,"arXiv:2607.07405v1 Announce Type: new 
Abstract: Tool-using LLM agents can violate the very policies they are deployed to enforce while appearing to complete the task successfully. In policy-permissive environments, a tool may execute any well-formed call even when the corresponding state transit...","Reason Less, Verify More: Deterministic Gates Recover a Silent Policy-Violation Failure Mode in Tool-Using LLM Agents",
9bae2dd3-edfd-475e-b544-64c17da4fd71,"Thu, 09 Ju",FUNDING_EVENT,Deep Reinforcement Learning for Reliability,,,arXiv cs.LG,https://arxiv.org/abs/2607.06610,"arXiv:2607.06610v1 Announce Type: new 
Abstract: Portfolio optimization under uncertainty is inherently a multi-objective decision problem involving complex interactions among return, risk, market dynamics, and practical investment constraints. Existing reliability based portfolio optimization ap...",Deep Reinforcement Learning for Reliability Based Bi-Objective Portfolio Optimization,
da7bbb67-ab0a-43a8-aa01-571226a02482,"Thu, 09 Ju",FUNDING_EVENT,Causal Mechanisms Underlying Anhedonia arXiv:2607.06626v1,,anhedonia,arXiv cs.LG,https://arxiv.org/abs/2607.06626,"arXiv:2607.06626v1 Announce Type: new 
Abstract: Recent Vision-Language Models capture increasingly complex aspects of human cognition. Here we ask whether this alignment extends to reward valuation, which we assess in a mechanistic framework built on clinical tests that were developed to evaluat...",Reward Valuation in Vision Language Models: Causal Mechanisms Underlying Anhedonia,
0450b4e0-084b-4aba-af50-ec959d6a6cad,"Mon, 29 Ju",FUNDING_EVENT,Intel,,,arXiv cs.AI,https://arxiv.org/abs/2606.27757,"arXiv:2606.27757v1 Announce Type: new 
Abstract: Large language models (LLMs) have attracted widespread attention from academia and industry, yet their deployment raises critical security concerns regarding robustness and reliability. Planning, a core component of intelligent behavior, remains ch...",Towards Reliable and Robust LLM Planning: Symbolic Feedback-Driven Iterative Self-Refinement Framework,
61321c76-99c4-49be-808c-11b9917e489d,"Mon, 29 Ju",FUNDING_EVENT,Grounded Iterative Language Planning: How Parameterized World Models Reduce Hallucination Propagation,GPT-4o,,arXiv cs.AI,https://arxiv.org/abs/2606.27806,"arXiv:2606.27806v1 Announce Type: new 
Abstract: World models for language agents come in two useful forms. An agent-based world model calls an LLM API and reasons flexibly in language, but its errors appear as hallucinated state changes that are hard to score with ordinary regression losses.",Grounded Iterative Language Planning: How Parameterized World Models Reduce Hallucination Propagation in LLM Agents,
0a97e197-249f-4c09-adde-05acc43ad882,"Fri, 26 Ju",FUNDING_EVENT,Partially Observable Markov Decision Process,,,arXiv cs.LG,https://arxiv.org/abs/2606.26168,"arXiv:2606.26168v1 Announce Type: new 
Abstract: Living systems navigate environments using noisy and incomplete sensory signals. In unicellular algae, phototaxis is often modeled as a mechanistic run--tumble process driven by stimulus--response rules.",Implementation of reinforcement learning in chemical reaction networks: application to phototaxis as curiosity-driven exploration,
b648389c-9f3c-4e76-a5f9-72232b659e19,"Fri, 19 Ju",FUNDING_EVENT,Computer Science against Computer,,,arXiv cs.AI,https://arxiv.org/abs/2606.19469,"arXiv:2606.19469v1 Announce Type: new 
Abstract: Undergraduate computer science is governed by international curricular guidelines revised about once a decade, yet programs lack a reliable, reproducible way to measure how completely they cover the current guidelines and how that coverage shifts w...","Measuring Curriculum Alignment across Topical Coverage, Competency, and Cognitive Depth: A Longitudinal Framework Applied to CS2013 and CS2023",
ecfb4df5-5b16-4323-bf66-19004cbe22f8,"Fri, 19 Ju",FUNDING_EVENT,Modal,,,arXiv cs.AI,https://arxiv.org/abs/2606.19651,"arXiv:2606.19651v1 Announce Type: new 
Abstract: Three-dimensional (3D) brain MRI is central to clinical neurology and neuro-oncology, where generative models could augment under-represented cohorts, simulate disease trajectories, and support privacy-preserving data sharing. Latent diffusion has ...",BrainG3N: A Dual-Purpose Tokenizer for Controllable 3D Brain MRI Generation,
0751fa46-3950-4eea-bd15-21951f92e87f,"Fri, 19 Ju",FUNDING_EVENT,Modal,,,arXiv cs.LG,https://arxiv.org/abs/2606.19371,"arXiv:2606.19371v1 Announce Type: new 
Abstract: Alzheimer's disease (AD) is a fatal disorder that destroys memory and cognitive skills in the elderly population. Most treatments for AD are effective in the early stage, leading to an increasing demand for early AD diagnosis.",ProMUSE: Progressive Multi-modal Uncertainty-guided Staged Evidential Alzheimer Disease Classification,
effebba4-c1a6-42c3-b88d-f020538077a0,"Fri, 19 Ju",FUNDING_EVENT,Diversity-Aware Data Selection arXiv:2606.19411v1,,\logdet(L_S)$,arXiv cs.LG,https://arxiv.org/abs/2606.19411,"arXiv:2606.19411v1 Announce Type: new 
Abstract: Selecting a small, diverse, high-quality subset from a massive pool of candidates is a recurring primitive in modern machine learning -- data curation and coreset selection for training and fine-tuning large models, active-learning batch acquisitio...",Spectral DPPs via NEPv: A Scalable Continuous Relaxation of Determinantal MAP for Diversity-Aware Data Selection,
beede7a2-5189-4844-bba8-17e0f2011994,"Fri, 16 Ja",FUNDING_EVENT,Microsoft,Claude,,VentureBeat AI,https://venturebeat.com/technology/listen-labs-raises-usd69m-after-viral-billboard-hiring-stunt-to-scale-ai,"<p>Alfred Wahlforss was running out of options. His startup, <a href=""https://listenlabs.ai/"">Listen Labs</a>, needed to hire over 100 engineers, but competing against Mark Zuckerberg&#x27;s <a href=""https://news.bloomberglaw.com/employee-benefits/zuckerbergs-100-million-ai-job-offers-pay-off-par...",Listen Labs raises $69M after viral billboard hiring stunt to scale AI customer interviews,69000000
6dc986b7-5af2-47be-994a-a5e6bbbdda2c,"Fri, 07 Fe",FUNDING_EVENT,,,,TechCrunch AI,https://techcrunch.com/2025/02/07/self-inspection-raises-3m-for-its-ai-powered-vehicle-inspections/,"A number of startups are racing to make vehicle inspections faster, easier, and cheaper. Self Inspection, a startup based in San Diego, thinks it has them all beat with its AI-powered service &#8212; and now it has convinced outside investors.",Self Inspection raises $3M for its AI-powered vehicle inspections,3000000
940e57eb-c338-4656-a6ba-4f791c8909c1,"Fri, 03 Ju",FUNDING_EVENT,LLM,,,arXiv cs.AI,https://arxiv.org/abs/2607.01531,"arXiv:2607.01531v1 Announce Type: new 
Abstract: Learning how an environment behaves from interaction is central to building agents that adapt to unfamiliar tasks. World models learned with deep networks are flexible but data-hungry and transfer poorly beyond their training distribution.",OPINE-World: Programmatic World Modeling with Ontology-error-Prioritized Interactive Exploration,
450f838d-eec5-45f8-9ba2-014b78cd4564,2026-07-09,FUNDING_EVENT,AI,,AI,Theregister.com,https://www.theregister.com/ai-and-ml/2026/07/09/singaporean-sovereign-wealth-fund-temasek-thinks-ai-has-a-future/5268953,"Singapores sovereign wealth fund Temasek, one of the worlds largest investment houses, intends to massively increase its investment in AI over the next five years both for its own use and across its … [+2213 chars]",Singaporean sovereign wealth fund Temasek thinks AI has a future,
2016b0e6-f3ae-47cf-9ca3-b485d6dacb20,2026-07-09,FUNDING_EVENT,AI,,AI,Theregister.com,https://www.theregister.com/ai-and-ml/2026/07/09/singaporean-sovereign-wealth-fund-temasek-thinks-ai-is-going-to-pay-off/5268953,"Singapores sovereign wealth fund Temasek, one of the worlds largest investment houses, intends to massively increase its investment in AI over the next five years both for its own use and across its … [+2213 chars]",Singaporean sovereign wealth fund Temasek thinks AI is going to pay off,
046a6c5c-8744-4056-b282-5282ac998a2c,2026-07-09,FUNDING_EVENT,PM Modi,,India,The Times of India,https://economictimes.indiatimes.com/news/economy/finance/pm-modi-invites-australian-businesses-to-invest-in-india-seeks-early-conclusion-of-ceca/articleshow/132276600.cms,Melbourne: Prime Minister Narendra Modi on Thursday pitched India as a long-term investment destination for Australian businesses and called for the early conclusion of the proposed bilateral Compreh… [+3971 chars],"PM Modi invites Australian businesses to invest in India, seeks early conclusion of CECA",
d8e38c20-fcce-44fc-90b5-186867892890,2026-07-09,FUNDING_EVENT,Intel,,US,SiliconANGLE News,https://siliconangle.com/2026/07/09/pitchbook-us-venture-funding-hits-412-7b-first-half-ai-deals-dominate/,"U.S. venture capital deal value hit $412.7 billion in the first half of 2026, nearly 30% more than investors put to work in all of last year — and a small cluster of giant artificial intelligence rou… [+5376 chars]",PitchBook: US venture funding hits $412.7B in first half as AI deals dominate,412700000000
2cda9160-f2b7-43ef-92ae-3c0af33f6f7d,2026-07-09,FUNDING_EVENT,Meta,,Alberta,The Times of India,https://economictimes.indiatimes.com/tech/technology/meta-to-build-c13-billion-alberta-data-center-its-first-in-canada/articleshow/132276591.cms,"Tech giant Meta announced Wednesday it will build a massive data center in central Alberta, the company's first in Canada, as it rapidly builds out computing capacity to support the global AI boom.Th… [+3516 chars]","Meta to build C$13 billion Alberta data center, its first in Canada",13000000000
0790fba2-88f0-481e-b503-6d0db4896291,2026-07-09,FUNDING_EVENT,Temasek International CIO,,US,Crypto Briefing,https://cryptobriefing.com/temasek-cio-warns-us-capex-market-risks/,Asia's largest state investor hit a record S$518 billion portfolio while flagging AI-driven capex as a growing threat to market stability When one of Asia’s most powerful sovereign wealth funds start… [+2093 chars],Temasek International CIO warns of market risks from US capital spending surge,518000000000
d9b3e44e-2345-4324-8378-49da398a7280,2026-07-08,FUNDING_EVENT,Vista Equity Partners,,Criteo,AdExchanger,http://www.adexchanger.com/daily-news-roundup/wednesday-08072026/,"Criteo In Play-O
Two private investment firms, Vista Equity Partners and Quinti Capital, have submitted a bid to acquire Criteo, Reuters reports. Criteo hasn’t reacted to the report publicly, nor h… [+3982 chars]","Bidders For Criteo; Who Needs Search Traffic, Anyway?",
321f74a5-ab75-474e-a4bf-d1fe509f0320,2026-07-08,FUNDING_EVENT,Echelon-Rockefeller Foundation,,America,PRNewswire,https://www.prnewswire.com/news-releases/as-ebola-surges-3-in-4-americans-back-restoring-us-aid-to-fight-it-per-new-echelon-rockefeller-foundation-poll-302820065.html,"<ul><li>Conducted ahead of America's 250th anniversary, the survey finds nine in ten Americans (90%) across the political spectrum support funding programs to prevent disease outbreaks abroad, the hi… [+14698 chars]","As Ebola Surges, 3 in 4 Americans Back Restoring U.S. Aid to Fight It, per New Echelon-Rockefeller Foundation Poll",
c74fe0c8-211e-43c7-b858-949b8b8327ba,2026-07-08,FUNDING_EVENT,Echelon-Rockefeller Foundation,,America,PRNewswire,https://www.prnewswire.com/news-releases/as-ebola-surges-3-in-4-americans-back-restoring-us-aid-to-fight-it-per-new-echelon-rockefeller-foundation-poll-302820085.html,"<ul><li>Conducted ahead of America's 250th anniversary, the survey finds nine in ten Americans (90%) across the political spectrum support funding programs to prevent disease outbreaks abroad, the hi… [+14533 chars]","As Ebola Surges, 3 in 4 Americans Back Restoring U.S. Aid to Fight It, per New Echelon-Rockefeller Foundation Poll",
166a8fb9-ffb1-4ab0-8081-89ce0627f0da,2026-07-08,FUNDING_EVENT,Nasdaq-100,,US,The Times of India,https://economictimes.indiatimes.com/markets/us-stocks/news/us-stock-market-starship-ai-ambitions-fuel-bullish-wall-street-outlook-on-newly-listed-spacex/articleshow/132253161.cms,"SpaceX is poised to receive billions of dollars in passive investment flows after its rapid inclusion in the Nasdaq-100 index, while Wall Street brokerages have initiated coverage of the aerospace an… [+3904 chars]","US Stock Market: Starship, AI ambitions fuel bullish Wall Street outlook on newly listed SpaceX",
d530daa8-4b71-4668-bc39-110accb84879,2026-07-08,FUNDING_EVENT,SemiAnalysis,,,24/7 Wall St.,https://247wallst.com/investing/2026/07/08/wall-street-thinks-ai-is-slowing-wall-street-is-wrong/,"Quick Read
<ul><li>SemiAnalysis projects $11.1 trillion in cumulative AI infrastructure spending through 2029, with annual investment topping $2 trillion by 2028 and still accelerating. </li><li>AI… [+6114 chars]",Wall Street Thinks AI Is Slowing. Wall Street Is Wrong,
38f70a10-8046-42a1-aae0-13e2a3bfe7c9,2026-07-08,FUNDING_EVENT,EPS,,,24/7 Wall St.,https://247wallst.com/investing/2026/07/08/this-undervalued-40-billion-company-is-ready-to-soar/,"Quick Read
<ul><li>Celestica raised 2026 revenue guidance to $19B and EPS to $10.15, while shares trade 19% below April's $413 filing price. </li><li>CLS surged 117% over the past year versus SPY's… [+4903 chars]",This Undervalued $40 Billion Company Is Ready To Soar,40000000000
3c14e738-87cd-4832-a084-e0ca7c0bd7ba,2026-07-08,FUNDING_EVENT,IBM,,,Ibtimes.com.au,https://www.ibtimes.com.au/ibm-shares-dip-ai-investment-concerns-market-volatility-1872043,"Shares of International Business Machines Corp. fell more than 1.6 percent Tuesday, closing at $301.10 as broader technology sector pressures and profit-taking weighed on the stock amid ongoing debat… [+6331 chars]",IBM Shares Decline 1.64 Percent as Tech Sector Faces AI Valuation Concerns and Market Rotation,
c0e73732-8769-4cd9-befa-87912212ebd0,2026-07-08,FUNDING_EVENT,NVIDIA,,,Biztoc.com,https://biztoc.com/x/bd2abbb2e2878d2a,"This article first appeared on GuruFocus.Nvidia (NVDA, Financials), the semiconductor company best known for AI chips, graphics processors and data-center hardware, is starting to look cheaper after … [+149 chars]",Nvidia Valuation Falls to Pre-AI Boom Low,
28b145ae-a248-4ad2-af12-df97bd475f16,2026-07-07,FUNDING_EVENT,,,,Digitimes,https://www.digitimes.com/news/a20260707PR202/electronics-acquisition-materials-supplier-manufacturing.html,"Keep me signed in
Some subscribers prefer to save their log-in information so they do not have to enter their User ID and Password each time they visit the site. To activate this function, check the… [+288 chars]",Solstice Advanced Materials to buy Element Solutions in US$14.5 billion deal,14500000000
79126b42-cfaf-4929-8f34-a827744ed36f,2026-07-07,FUNDING_EVENT,Google,,,Prtimes.jp,https://prtimes.jp/main/html/rd/p/000000127.000041941.html,"The article in English follows the Japanese version. By Josh Jung
Z Venture CapitalZVCAB180CAB180AirbridgeAIAirflux 
 AB180AIAirbridgeARR
Airbridge
 AirbridgeGoogleMetaTikTok
SaaS AB18021
AI A… [+5585 chars]",AB180への投資 / Investing in AB180,
bf0c1836-3787-475d-99ce-f55fc20730af,2026-07-07,FUNDING_EVENT,Anthropic,,,Digitimes,https://www.digitimes.com/news/a20260707VL206/infrastructure-anthropic-revenue-startup-expansion.html,"Keep me signed in
Some subscribers prefer to save their log-in information so they do not have to enter their User ID and Password each time they visit the site. To activate this function, check the… [+288 chars]",TeraWulf signs 20-year Anthropic AI infrastructure lease worth US$19B,19000000000
ea9049e0-4229-479a-968a-36778d895c2e,2026-07-07,FUNDING_EVENT,UN,,,Khabarhub.com,https://english.khabarhub.com/2026/07/557412/,"GENEVA: Global foreign direct investment (FDI) increased in 2025 after two consecutive years of decline, but the recovery remains narrow, fragile and uneven, according to a new report by the United N… [+2406 chars]",UN says foreign investment rebounds but recovery remains uneven,
ede7e7ea-576d-406a-8e99-e18e6cfa21e4,2026-07-07,FUNDING_EVENT,OpenAI,,OpenAI,Biztoc.com,https://biztoc.com/x/7c05438c296ed8b0,"was essentially hyped up as the IPO to end all IPOs. With OpenAI pushing its public debut back to 2027 and uncertainty swirling around how sustainable AI spending will be, it may very well be.Just 25… [+145 chars]","SpaceX Stock May Suddenly Seem Boring, But Don’t Miss This Chance to Make a Low-Risk, High-Reward Option Trade",
d8621949-c963-4513-9500-8cdd0d742ae0,2026-07-06,FUNDING_EVENT,Intel,,S. Korea's,Biztoc.com,https://biztoc.com/x/5671cbcbce5ae91f,South Korean President Lee Jae-myung called for the rapid execution of the new semiconductor and artificial intelligence (AI) investment projects.More to come...... This story appeared on breakingth… [+30 chars],"S. Korea's Lee urges fast-track for chip, AI projects",
0a78114a-208f-4853-a663-5e773d0f1d79,2026-07-06,FUNDING_EVENT,American Express,,,Yahoo Entertainment,https://finance.yahoo.com/markets/stocks/articles/american-express-axp-analysis-role-152237601.html,"Bretton Capital Management, an investment management company, released the ""Bretton Fund"" first-quarter 2026 investor letter. A copy of the letter can be downloaded here.",American Express (AXP): An Analysis of The Role of AI and Payment Systems,
e8ee5ff1-aba2-4eb2-a440-3965d2f92d3d,2026-07-06,FUNDING_EVENT,TSM,,,Yahoo Entertainment,https://finance.yahoo.com/markets/stocks/articles/exceptional-momentum-powers-taiwan-semiconductor-151708380.html,"RiverPark Advisors, an investment advisory firm and sponsor of the RiverPark family of mutual funds, released its ""RiverPark Large Growth Fund"" Q1 2026 investor letter. A copy of the letter can be do… [+4878 chars]",Exceptional Momentum Powers Taiwan Semiconductor Manufacturing’s (TSM) Rally,
84cd88ab-8dc1-4142-8b91-c5ba7543f91a,2026-07-06,FUNDING_EVENT,Microsoft,,,TechRadar,https://www.techradar.com/pro/microsoft-is-spending-usd2-5bn-on-deploying-ai-engineers-to-its-customers,"<ul><li>Microsoft Frontier Company to embed 6,000 engineers and specialists into customer organizations</li><li>Backed by $2.5 billion in Microsoft funding, it will help customers transform with cust… [+2524 chars]",Microsoft is spending $2.5bn on deploying AI engineers to its customers,2500000000
f2ed168d-62f3-4908-8ade-6772c9e51e8a,2026-07-04,FUNDING_EVENT,NVIDIA,,,24/7 Wall St.,https://247wallst.com/investing/2026/07/04/every-time-this-stock-dips-i-buy-more/,"Quick Read
<ul><li>NVIDIA (NVDA) grew Q1 revenue 85% to $81.6B and guided Q2 to $91B, beating estimates for the fourth consecutive quarter. </li><li>NVIDIA raised its dividend 25x, authorized $80B … [+3589 chars]","Every Time This Stock Dips, I Buy More",81600000000
6be79322-2377-44f6-bae9-1583003adf55,2026-07-04,FUNDING_EVENT,Marvell Technology,,,Yahoo Entertainment,https://finance.yahoo.com/technology/ai/articles/cantor-fitzgerald-raises-pt-marvell-141121931.html,"Marvell Technology, Inc. (NASDAQ:MRVL) is one of the Best AI and Technology Stocks to Buy Now.On June 29, Cantor Fitzgerald analyst C.J.",Cantor Fitzgerald Raises PT on Marvell Technology (MRVL) Stock,
68349047-e145-4c45-9be8-cc4ec099928b,2026-07-04,FUNDING_EVENT,the Small Business Capital Gap This Independence Day,,,GlobeNewswire,https://www.globenewswire.com/news-release/2026/07/04/3322023/0/en/Dream-Exchange-Calls-for-Venture-Exchanges-to-Help-Close-the-Small-Business-Capital-Gap.html,"This Independence Day, Dream Exchange founder and CEO Joe Cecala says record numbers of new American businesses need a public market built to help them grow. The company supports legislation similar … [+8120 chars]",Dream Exchange Calls for Venture Exchanges to Help Close the Small Business Capital Gap,
3574ca7b-619c-4c62-bfd5-4b2f6136259d,2026-07-04,FUNDING_EVENT,AI,,Modi,The Next Web,https://thenextweb.com/news/macron-modi-ai-infrastructure-personal-diplomacy/,"TL;DR
Macron and Modi are personally courting tech CEOs to secure AI infrastructure investment. Macron texted SoftBanks Son to land a 75 billion data centre deal, and Modi secured $48 billion from A… [+3995 chars]",Macron and Modi are winning the AI infrastructure race with text messages and personal meetings,48000000000
588a3162-9bd8-4554-ae25-75055aa03c66,2026-07-03,FUNDING_EVENT,IPO,,Kuaishou,Crypto Briefing,https://cryptobriefing.com/kuaishou-kling-ai-3b-funding-hong-kong/,"Chinese short-video giant is spinning off its AI video-generation unit with backing from General Atlantic and Tencent at an $18 billion valuation Kuaishou Technology, the Chinese short-video platform… [+1995 chars]","Kuaishou files for $3B Kling AI funding round in Hong Kong, eyes IPO within 12 months",3000000000
3a194f2a-53ca-4105-b89e-f2d182a91bcf,2026-07-03,FUNDING_EVENT,IPO,,,Biztoc.com,https://biztoc.com/x/5799fb94d5b2b05f,"SpaceX (NASDAQ: SPCX) went public on June 12 at $135 per share, raising $75 billion in the largest initial public offering (IPO) in history. Three weeks later, the rocket, satellite-internet, and art… [+143 chars]",SpaceX Might Be the Most Valuable Money-Losing Company in Market History. Should Investors Care?,75000000000
01c13eac-da03-4835-9e88-05c6d4f5e87b,2026-07-03,FUNDING_EVENT,SoftBank,,U.S.,Biztoc.com,https://biztoc.com/x/6642330d6f1553d1,"The mobile carrier operator and group company will set up the new venture this month, aiming to supply data center capacity at a scale of 10 gigawatts by around 2030. This story appeared on japantim… [+29 chars]",SoftBank plans to rent AI compute in U.S. at 10-gigawatt scale,
1a43c800-361e-4cac-9f36-6b7107353a68,2026-07-03,FUNDING_EVENT,Dividend King,,,24/7 Wall St.,https://247wallst.com/investing/2026/07/03/this-65-year-dividend-streak-nearly-broke-here-is-why-it-keeps-rising/,"Quick Read
<ul><li>CINF raised its quarterly dividend 8% to $0.94, extending its Dividend King streak to 65 consecutive years of increases. </li><li>After a $90 million net loss in Q1 2025 from Cal… [+6053 chars]",This 65-Year Dividend Streak Nearly Broke. Here Is Why It Keeps Rising,90000000
8bb66c3a-3560-4a56-8259-40fb92fd85a6,2026-07-02,FUNDING_EVENT,Wedbush,,Wedbush,Business Insider,https://www.businessinsider.com/dan-ives-wedbush-tech-calls-outfits-nvidia-microsoft-2026-7#article,"Dan Ives is leaving Wedbush as managing director and senior equity research analyst for his own venture.NASDAQ: ORBS)
<ul><li>Dan Ives is leaving Wedbush to launch a merchant bank focusing on the te… [+3352 chars]",The Dan Ives era at Wedbush is over. These are some of the calls — and colorful fits — people will remember.,
816611e1-fddc-44ff-9b7a-769245d2ce12,2026-07-02,FUNDING_EVENT,LinqAlpha,,,Crypto Briefing,https://cryptobriefing.com/linqalpha-series-a-funding-round/,The AI-focused fintech company is close to closing a significant capital raise as investor appetite for AI-driven financial tools continues to grow. LinqAlpha is approaching the close of a $22M Serie… [+1383 chars],LinqAlpha nears $22M in Series A funding round,22000000
aabb51bd-f149-4865-81c1-d3ab4693a301,2026-07-02,FUNDING_EVENT,AI,,Venice,Cointelegraph,https://cointelegraph.com/news/venice-ai-becomes-a-unicorn-as-ai-privacy-concerns-grow,"The Erik Voorhees-founded Venice AI has achieved unicorn status after raising $65 million in Series A funding at a $1 billion valuation. Led by Dragonfly and with backing from Coinbase Ventures, F-… [+3315 chars]",Venice AI becomes a unicorn as AI privacy concerns grow,65000000
3778129c-cacb-4e05-a514-fd9ad40d3e7c,2026-07-02,FUNDING_EVENT,Predictive Analytics,,,GlobeNewswire,https://www.globenewswire.com/news-release/2026/07/02/3321410/28124/en/Predictive-Analytics-and-AI-Tools-Propel-Revolution-in-Talent-Acquisition-Industry.html,"Dublin, July 02, 2026 (GLOBE NEWSWIRE) -- The ""AI in Talent Acquisition Market Report 2026"" has been added to ResearchAndMarkets.com's offering. The AI in talent acquisition market is witnessing a r… [+25032 chars]",Predictive Analytics and AI Tools Propel Revolution in Talent Acquisition Industry,
f1bb7980-6495-4fd8-8abd-5d7d44b2704e,2026-07-02,FUNDING_EVENT,Apple,,,Fortune,https://fortune.com/2026/07/02/trump-stopped-talking-warner-bros-comcast-portfolio-kept-trading/,"Of the seven Fortune 500 companies in President Trumps disclosed investment portfolio that also turn up somewhere in his public statements this year, five drew a clear 2026 comment from him: Apple, N… [+3763 chars]","Trump stopped talking about these media stocks, but his portfolio didn’t stop trading them",
effe5a7b-61e9-4a98-b1cd-e76f4521a761,2026-07-02,FUNDING_EVENT,Apple,,,Yahoo Entertainment,https://finance.yahoo.com/media-advertising/articles/trump-stopped-talking-media-stocks-142428079.html,"Of the seven Fortune 500 companies in President Trump's disclosed investment portfolio that also turn up somewhere in his public statements this year, five drew a clear 2026 comment from him: Apple, … [+3858 chars]","Trump stopped talking about these media stocks, but his portfolio didn’t stop trading them",
21983340-6c0f-4d6d-ae8a-a6a2b9615b0e,2026-07-02,FUNDING_EVENT,,,the United States,Fortune,https://fortune.com/2026/07/02/us-manufacturing-resilience-2-trillion-investment-mckinsey/,Intensifying technological competition and geopolitical risks have resurfaced a decades-old question with renewed urgency: Should the United States rebuild its industrial base?The United States impor… [+5002 chars],McKinsey chairs: Building a more resilient industrial base may require $2 trillion in investment,
d04f509f-f15f-4af1-ad44-89b08f1787f0,2026-07-02,FUNDING_EVENT,,,,Biztoc.com,https://biztoc.com/x/817c5ad2becd535e,"Quantum Systems said it had raised $1.2 billion at a valuation of roughly $8 billion, bringing in fresh capital to expand drone production and invest in software for autonomous systems powered by art… [+74 chars]",German Drone Maker Quantum Systems Raises Funding at $8 Billion Valuation,8000000000
e00dbfc6-bc88-402e-8ebe-4a1f2b5cbd4b,2026-07-01,FUNDING_EVENT,Amazon,,,Digitimes,https://www.digitimes.com/news/a20260701VL209/amazon-aws-launch-staff-data.html,"Keep me signed in
Some subscribers prefer to save their log-in information so they do not have to enter their User ID and Password each time they visit the site. To activate this function, check the… [+288 chars]",Amazon's new US$1 billion division aims to embed AI engineers in clients' teams,1000000000
dc6ea9bb-dd9e-4f18-a530-e457b7eeee49,2026-07-01,FUNDING_EVENT,Samsung,,,The Times of India,https://economictimes.indiatimes.com/markets/us-stocks/news/global-market-samsung-sk-hynix-double-down-on-ai-chip-boom-with-massive-investment-push-despite-oversupply-risks/articleshow/132105778.cms,"Samsung Electronics and SK Hynix are embarking on one of the world's largest semiconductor investment drives, committing trillions of won to expand memory chip production as they seek to capitalise o… [+3577 chars]","Global Market: Samsung, SK Hynix double down on AI chip boom with massive investment push despite oversupply risks",
1d9878b4-0c60-48a0-a535-1a874b88a470,2026-07-01,FUNDING_EVENT,IEA,,US,Crypto Briefing,https://cryptobriefing.com/iea-us-coal-gas-power-spending-50b/,America's fossil fuel power investment is surging to multi-decade highs as data centers and AI infrastructure drive unprecedented electricity demand The US is pouring money into fossil fuel power gen… [+1808 chars],IEA forecasts US spending on coal and gas power plants to hit $50B this year,50000000000
9d8dcdef-5835-48aa-8314-33bb51e793ae,2026-07-01,FUNDING_EVENT,BlackRock,,,The Times of India,https://economictimes.indiatimes.com/markets/us-stocks/news/global-market-blackrock-turns-cautious-on-emerging-market-stocks-upgrades-euro-zone-bonds/articleshow/132105718.cms,"The BlackRock Investment Institute (BII) has adopted a more cautious stance on emerging market equities and hard-currency debt in its mid-year investment outlook, while turning more positive on euro … [+1801 chars]","Global Market: BlackRock turns cautious on emerging market stocks, upgrades euro zone bonds",
7f465bf1-d67f-4c98-bd54-f394d134fc65,2026-07-01,FUNDING_EVENT,Walmart,,,AdExchanger,http://www.adexchanger.com/daily-news-roundup/wednesday-01072026/,Get Off My Property! Walmart turned heads with last week’s acquisition of TV ad platform Vibe.co.,Disowned And Unoperated Media; Looting Plunder From Pro Sports,
d642381f-4d33-4b85-add0-64ffbc0204e1,2026-07-01,FUNDING_EVENT,NVIDIA,,,Crypto Briefing,https://cryptobriefing.com/oxmiq-raises-35m-to-develop-gpu-chip-challenging-nvidias-dominance/,"Startup Oxmiq has announced a significant funding achievement, securing $35 million to advance its GPU chip architecture aimed at reducing the operational costs of AI. The company plans to develop a … [+1372 chars]",Oxmiq raises $35M to develop GPU chip challenging Nvidia’s dominance,35000000
548b681c-e7b5-4977-aac3-078fd83dd145,2026-07-01,FUNDING_EVENT,,,Venice,Crypto Briefing,https://cryptobriefing.com/venice-ai-hits-unicorn-status-with-65m-series-a-led-by-paradigm/,"Venice AI has officially reached unicorn status following a successful $65 million Series A funding round led by Paradigm. The company, known for its decentralized and privacy-focused artificial inte… [+1462 chars]",Venice AI hits unicorn status with $65M Series A led by Paradigm,65000000
7e14cb84-99f0-487e-8303-5365e031c1e3,2026-07-01,FUNDING_EVENT,AI,,Venice,TechCrunch,https://techcrunch.com/2026/07/01/venice-ai-becomes-a-unicorn-with-65m-series-a-as-its-privacy-first-ai-platform-takes-off/,"Concerns over the impact of AI chatbots on mental health, personal safety, harassment, and disinformation have forced AI developers to implement safeguards to better control how and what their AI mod… [+4788 chars]",Venice AI becomes a unicorn with $65M Series A as its privacy-first AI platform takes off | TechCrunch,65000000
38799f3e-6ecc-4379-a77a-fd5f6beb7efb,2026-07-01,FUNDING_EVENT,OXMIQ,,Koduri,BusinessLine,https://www.thehindubusinessline.com/markets/oxmiq-raises-35-million-to-scale-oxcore-architecture/article71170056.ece,"OXMIQ Labs Inc., a unified GPU and AI architecture company founded by Raja Koduri, has secured $35 million in Series A financing, bringing the total funding raised to $60 million. Koduri, who hailed… [+1420 chars]",OXMIQ raises $35 million to scale OxCore Architecture,35000000
102f4544-3b8e-4197-b805-ae321bb85076,2026-06-30,FUNDING_EVENT,AI,,,Biztoc.com,https://biztoc.com/x/1355be37abd364ce,"The Bank for International Settlements published its Annual Economic Report on June 28, warning that the AI boom is becoming a source of financial instability. That alone is not surprising.What is su… [+148 chars]",Central bankers grow nervous about AI funding,
b05f8e34-c8f7-4498-908c-6c7d3ee95679,2026-06-30,FUNDING_EVENT,Newsom,,,KPBS,https://www.kpbs.org/news/politics/2026/06/30/newsom-signs-352b-spending-plan-and-reflects-on-signature-policies-before-he-leaves-office,"Democratic Gov. Gavin Newsom signed a nearly $352 billion spending plan Monday that delays some cuts to healthcare programs, increases funding for childcare and sets aside money to help speed up the … [+6580 chars]",Newsom signs $352B spending plan and reflects on signature policies before he leaves office,352000000000
c8368ec1-9e6e-4325-b8e1-2dcec5e8981f,2026-06-30,FUNDING_EVENT,Scale AI,,US,Crypto Briefing,https://cryptobriefing.com/helix-data-center-acquisition-ai-infrastructure/,"The new entity, led by former AWS CEO Adam Selipsky, aims to become a one-stop shop for hyperscale AI infrastructure including power generation and connectivity. A new infrastructure giant just enter… [+4109 chars]","Helix Digital Infrastructure seeks US data center acquisition backed by $10B from KKR, NVIDIA, and sovereign wealth",10000000000
f49739f0-24fc-49fa-a1cb-576b8253c365,2026-06-30,FUNDING_EVENT,Working Chip,,SAN JOSE,GlobeNewswire,https://www.globenewswire.com/news-release/2026/06/30/3319922/0/en/Etched-Emerges-From-Stealth-With-Working-Chip-800M-Raised-and-Over-1B-in-Customer-Contracts.html,"SAN JOSE, Calif., June 30, 2026 (GLOBE NEWSWIRE) -- Etched
, the company building frontier inference clusters, came out of stealth today, announcing a working chip and over $1 billion in signed cust… [+4143 chars]","Etched Emerges From Stealth With Working Chip, $800M Raised, and Over $1B in Customer Contracts",800000000
355e914c-b3a2-4c56-a03a-1537d57df528,2026-06-29,FUNDING_EVENT,Intel,,Hong Kong,Biztoc.com,https://biztoc.com/x/1ff1ed56a2f86bc3,"Hong Kong-listed shares of Baidu surged more than 7% Monday on reports that its artificial intelligence chip unit Kunlunxin is targeting an initial public offering in the city, which could value its … [+139 chars]",Baidu shares jump 7% as AI chip arm Kunlunxin said to target $50 billion Hong Kong IPO,50000000000
9f7d2f71-728c-4c18-b41f-bccd3b3c61d1,2026-06-29,FUNDING_EVENT,Intel,,Hong Kong,CNBC,https://www.cnbc.com/2026/06/29/baidu-kunlunxin-hong-kong-ipo-50-billion-ai-chips.html,"Hong Kong-listed shares of Baidu surged more than 7% Monday on reports that its artificial intelligence chip unit Kunlunxin is targeting an initial public offering in the city, which could value its … [+1497 chars]",Baidu shares jump 7% as AI chip arm Kunlunxin said to target $50 billion Hong Kong IPO,50000000000
1571611b-2ccc-4d57-aa2e-8d670555a9ac,2026-06-29,FUNDING_EVENT,Global AI Boom Drives Strong Growth,,Hong Kong's,Antaranews.com,https://en.antaranews.com/news/420721/global-ai-boom-drives-strong-growth-in-hong-kongs-may-exports,"Hong Kong (ANTARA/ACN Newswire) -Hong Kong’s merchandise exports rose by 40.8% year-on-year to HK$611.2 billion in May, according to data released today by the Census and Statistics Department. For t… [+1963 chars]",Global AI Boom Drives Strong Growth in Hong Kong's May Exports,611200000000
da48c58b-1a56-41d0-b7de-c9c9ed7f7b0a,2026-06-29,FUNDING_EVENT,Intel,,,Financial Post,https://financialpost.com/pmn/business-pmn/tech-giants-power-stock-gains-after-ai-fueled-rout-markets-wrap,(Bloomberg) A rally in several technology giants lifted stocks after last weeks artificial-intelligence selloff lured buyers betting the industrys investment boom will continue to support solid corpo… [+5490 chars],Tech Giants Power Stock Gains After AI-Fueled Rout: Markets Wrap,
571f5ddf-468c-43e0-864b-c51535fb3073,2026-06-29,FUNDING_EVENT,Amazon,,,AppleInsider,https://appleinsider.com/articles/26/06/29/save-350-on-apples-14-inch-macbook-pro-m5-right-now-at-amazon,"Amazon's month-end $350 discount brings the 1TB 14-inch MacBook Pro with an M5 chip down to $1,649.99. But supply may be limited after Apple raised prices last week.",Save $350 on Apple's 14-inch MacBook Pro M5 right now at Amazon,
7cc27a92-4f58-43c3-b89f-00080cdf706c,2026-06-29,FUNDING_EVENT,Tata Motors,,,BusinessLine,https://www.thehindubusinessline.com/companies/tata-motors-says-iveco-deal-on-track-for-q2/article71160682.ece,"Tata Motors Ltd Chairman N Chandrasekaran on Monday said the proposed acquisition of Iveco Group is expected to be completed by the second quarter of FY27, subject to regulatory approvals and customa… [+3855 chars]",Tata Motors says Iveco deal on track for Q2,
ecf50785-dad5-4fd0-ab2b-6ab49295b055,2026-06-29,FUNDING_EVENT,,,India,BusinessLine,https://www.thehindubusinessline.com/companies/prosus-bets-bigger-on-india-as-payu-turns-profitable-expands-startup-portfolio/article71162211.ece,Technology investor Prosus is doubling down on India after its fintech business PayU achieved profitability for the first time and the company expanded its local investment portfolio with bets on mob… [+2346 chars],"Prosus bets bigger on India as PayU turns profitable, expands startup portfolio",
d08ef67d-f1e0-43c8-b94b-f91448711eeb,2026-06-29,FUNDING_EVENT,BMY,,,24/7 Wall St.,https://247wallst.com/investing/2026/06/29/66-with-1-3-million-here-are-3-hidden-gems-to-target/,"Quick Read
<ul><li>BMY's 17 consecutive dividend raises and VZ's $20B in annual free cash flow make both the dependable income anchors of this trio. </li><li>Pfizer's free cash flow covered only 93… [+2950 chars]",66 With $1.3 Million. Here Are 3 Hidden Gems to Target,1300000
e3d53773-b20f-4e91-a645-cbfaa86f1e7d,2026-06-28,FUNDING_EVENT,Chris Wood,,,The Times of India,https://economictimes.indiatimes.com/markets/stocks/news/funding-the-mother-of-all-cycles-chris-wood-cuts-indian-stocks-to-double-down-on-south-korean-chip-giants/articleshow/132045664.cms,"Jefferies Christopher Wood has reallocated his flagship Greed &amp; Fear portfolios to increase exposure to tech hardware, cutting selected Indian positions to fund bigger bets on South Korean memory… [+6091 chars]",Funding the 'mother of all cycles': Chris Wood cuts Indian stocks to double down on South Korean chip giants,
2317550e-f936-4465-92a5-41523d5992fd,2026-06-28,FUNDING_EVENT,Anthropic,,Anthropic,Biztoc.com,https://biztoc.com/x/b99c2065c50ebd4d,"OpenAI and Anthropic spent June proving they are the two labs that will define the next phase of AI, and the month closed with both still moving toward listings near $1 trillion while Washington asse… [+148 chars]",OpenAI Eyes 2027 IPO Delay As Washington Clears Anthropic's Mythos 5,
e055965c-44da-4e91-9ae0-1f7d90a4309f,2026-06-28,FUNDING_EVENT,The National Most families,,,Thenationalnews.com,https://www.thenationalnews.com/business/money/2026/06/28/family-wealth-rarely-disappears-because-of-a-single-decision/,"Most families spend decades building wealth, but very few spend equal time preparing the family to sustain it. Investment strategies can be replicated.",Family wealth rarely disappears because of a single decision | The National,
9ac4fff9-365d-4a40-b6c3-7ec3e86ae238,2026-06-27,FUNDING_EVENT,OpenAI,,OpenAI,Hollywood Reporter,http://www.hollywoodreporter.com/movies/movie-news/luca-guadagnino-not-surprised-amazon-dropped-openai-movie-1236632083/,Luca Guadagnino says it wasn’t surprising Amazon MGM dropped his nearly-finished Sam Altman movie Artificial shortly after Amazon announced a $50 billion investment in OpenAI. “I can’t say much beca… [+2155 chars],Luca Guadagnino Says He's Not Surprised Amazon Dropped His OpenAI Film,50000000000
22c35b2a-fd41-4ee1-86a7-3a18f557f915,2026-06-27,FUNDING_EVENT,Apple,,,Fox News,https://www.foxnews.com/tech/apple-raises-prices-ai-chip-costs-surge,"Apple has started charging more for some of its products, and AI is one of the big reasons why. The increases apply to select iPads and MacBooks, along with HomePod speakers and Apple TV devices.",Apple raises prices as AI chip costs surge,
1617b41b-b592-4be0-badd-4e932a4c16e7,2026-06-26,FUNDING_EVENT,IPO,,,Ibtimes.com.au,https://www.ibtimes.com.au/spacex-stock-plummets-buying-opportunity-overvalued-risk-1871338,"SpaceX shares have lost roughly a third of their value since peaking above $225 just two weeks after the company's record-setting IPO, leaving investors divided over whether the stock now represents … [+7064 chars]",Is SpaceX Stock Still a Buy After Its Latest Tumble? Here's What the Numbers Show,
b96f932c-bcdc-489e-8213-0abfbb195844,2026-06-26,FUNDING_EVENT,AI,,,Biztoc.com,https://biztoc.com/x/7dbb36f49c25aaae,"Airwallex has raised $320 million in a Series H funding round, valuing the global payments company at $11 billion, a 38% leap from just six months ago, as the fintech firm doubles down on artificial … [+138 chars]",Airwallex hits $11 billion valuation with $320 million raise as fintech pushes into finance run by AI agents,11000000000
659cfefc-70b8-4ac7-a0ff-637ef998431a,2026-06-26,FUNDING_EVENT,AI,,,CNBC,https://www.cnbc.com/2026/06/26/airwallex-series-h-funding-11-billion-valuation-ai-finance.html,"Airwallex has raised $320 million in a Series H funding round, valuing the global payments company at $11 billion, a 38% leap from just six months ago, as the fintech firm doubles down on artificial … [+3078 chars]",Airwallex hits $11 billion valuation with $320 million raise as fintech pushes into finance run by AI agents,11000000000
49f3cf7e-ccdb-4afc-8612-e336c5d2ca69,2026-06-26,FUNDING_EVENT,Apple,,,Biztoc.com,https://biztoc.com/x/a7cdea9711d0a771,"Apple raised iPad and MacBook prices on Thursday, saying it could no longer shield customers from soaring memory and storage chip costs driven by the AI industrys data center buildout.The move does n… [+150 chars]","Apple raises iPad and MacBook prices, blaming cost of chips amid AI boom",
8dc5b5cb-a90d-4bcb-b24c-a60cd5333213,2026-06-26,FUNDING_EVENT,OpenAI,,OpenAI,Biztoc.com,https://biztoc.com/x/04afad6421585ee6,TOKYO -- Shares in SoftBank Group slipped over 12% on Friday morning as disappointed investors engaged in profit-taking after a report that OpenAI is considering postponing its market debut.Tech stoc… [+145 chars],SoftBank shares slipped over 12% on concerns of OpenAI IPO delay,
a970732f-152a-4421-8b8f-501814bd1100,2026-06-26,FUNDING_EVENT,OpenAI,,Nikkei,Biztoc.com,https://biztoc.com/x/03df771761371895,"Wall Street falls at the open as AI jitters resume amid OpenAI IPO delay(Updates throughout with latest regional market moves; refreshes South Korea losses and trading curb, updates SoftBank after re… [+151 chars]","Asian stocks slide as Apple-led tech selloff sinks KOSPI, Nikkei after AI rally",
f5136cba-0c9e-4eef-816d-906ab83e7dbd,2026-06-26,FUNDING_EVENT,VMware,,,Techtarget.com,https://www.techtarget.com/searchdatacenter/news/366645215/More-VMware-customers-jumping-ship-as-contracts-wind-down,"The great VMware migration might finally be happening. After Broadcom's blockbuster acquisition of VMware for $61 billion closed in November 2023, customers faced increased costs, product and licens… [+5852 chars]",More VMware customers jumping ship as contracts wind down,61000000000
a4287b8a-cbab-4c26-b067-e96660320ea0,2026-06-26,FUNDING_EVENT,OpenAI,,US,The Times of India,https://economictimes.indiatimes.com/tech/technology/us-stocks-fall-as-report-of-openai-ipo-delay-causes-jitters/articleshow/132017997.cms,"Wall Street stocks fell on Friday, capping a roller-coaster week for tech stocks as traders fretted that valuations may be entering bubble territory.Analysts were further spooked by a report in the N… [+822 chars]",US stocks fall as report of OpenAI IPO delay causes jitters,
3778b083-44ba-480b-a639-6765be967ac0,2026-06-26,FUNDING_EVENT,Anthropic,,Alphabet,Crypto Briefing,https://cryptobriefing.com/alphabet-anthropic-stake-ipo-210-billion/,Google's parent company turned a $3 billion AI bet into what might become one of the most lucrative venture investments in tech history Alphabet quietly built a 14-15% stake in Anthropic over the pas… [+2461 chars],Alphabet’s stake in Anthropic could yield $210B if IPO hits $3T valuation,210000000000
317b9ed8-afbd-4d99-b158-b63552f801d6,2026-06-26,FUNDING_EVENT,Framework Ventures,,San Francisco,Cointelegraph,https://cointelegraph.com/news/framework-ventures-raise-400-million-push-beyond-crypto-ai,"Framework Ventures, a venture capital company that backs crypto platforms, has closed its fourth fund while expanding its investment strategy beyond blockchain. The San Francisco-based investor has … [+2212 chars]",Framework Ventures raises $400M to invest beyond crypto: Report,400000000
d5e5fa4f-46e4-4608-a7a5-30c5065ddbec,2026-06-26,FUNDING_EVENT,OpenAI,,OpenAI,Biztoc.com,https://biztoc.com/x/a60bdfe09badea0f,"Live Nasdaq Composite: OpenAI IPO Delay Fears Send Markets Out on Sour NoteQuick Read- OpenAI's potential IPO delay rattled chip stocks, dragging the Nasdaq Composite down 5.2% for the week and raisi… [+137 chars]",Live Nasdaq Composite: OpenAI IPO Delay Fears Send Markets Out on Sour Note,
56b43135-294f-4eac-aea5-b312a331910f,2026-06-26,FUNDING_EVENT,OpenAI,,UK,Biztoc.com,https://biztoc.com/x/29644ed291dfc341,"Wall Street falls at the open as AI jitters resume amid OpenAI IPO delayJune 26 (Reuters) - The British publics expectations for future inflation continued to recede in June, according to a survey fr… [+146 chars]","UK public’s inflation expectations continue to ease, Citi/YouGov survey shows",
9a283a4a-dbc0-4bd3-a0f8-21f17591006c,2026-06-26,FUNDING_EVENT,OpenAI,,Germany,Biztoc.com,https://biztoc.com/x/65a13cf07169e5ff,"Wall Street falls at the open as AI jitters resume amid OpenAI IPO delayBy Maria Martinez and Holger HansenBERLIN, June 26 (Reuters) - Germanys 2027 draft budget has been finalized, German newspaper … [+141 chars]","Germany’s 2027 draft budget is finalized, Handelsblatt reports",
727fbffa-5a31-4f2c-84b2-80e639f7383c,2026-06-25,FUNDING_EVENT,quantum,,China,The Times of India,https://economictimes.indiatimes.com/markets/us-stocks/news/global-market-chinas-future-industries-investment-boom-sparks-valuation-bubble-concerns/articleshow/131981792.cms,"China's push to become a global leader in cutting-edge technologies is triggering a surge in venture capital investments, with startups in sectors such as commercial space, quantum computing, nuclear… [+4009 chars]",Global Market: China's 'future industries' investment boom sparks valuation bubble concerns,
4de77562-9c9f-4c73-8351-3d65032e66ee,2026-06-25,FUNDING_EVENT,CSM Technologies IPO Day 2,,,The Times of India,https://economictimes.indiatimes.com/markets/ipos/fpos/csm-technologies-ipo-day-2-gmp-at-4-check-subscription-status-should-you-subscribe/articleshow/131981634.cms,"The initial public offering (IPO) of CSM Technologies entered its second day of bidding on Thursday, with grey market trends indicating modest listing gains. The company's shares were trading at a gr… [+3899 chars]",CSM Technologies IPO Day 2: GMP at 4% | Check subscription status. Should you subscribe?,
e53f6fd0-e115-45a0-949a-c3e09608ff91,2026-06-25,FUNDING_EVENT,Qualcomm Unveils Dragonfly Data Center Roadmap,,,Storagereview.com,https://www.storagereview.com/news/qualcomm-unveils-dragonfly-data-center-roadmap-c1000-cpu-ai300-accelerator-and-modular-acquisition,"Qualcomm Technologies had a full plate during its 2026 Investor Day, laying out an aggressive data center strategy built around three major announcements: the acquisition of AI software company Modul… [+8488 chars]","Qualcomm Unveils Dragonfly Data Center Roadmap: C1000 CPU, AI300 Accelerator, and Modular Acquisition",
3250d75d-7131-4681-913f-5f1e740b14c1,2026-06-25,FUNDING_EVENT,AI,,,The Next Web,https://thenextweb.com/news/airwallex-320m-series-h-11bn-valuation/,"Airwallex has raised $320M at an $11bn valuation, up from $8bn in December. The payments company is now pivoting to autonomous finance and AI agents that transact on your behalf.",Airwallex raises $320M at an $11bn valuation,320000000
5043e397-eb9a-4a59-8d62-edc9f97bd33f,2026-06-25,FUNDING_EVENT,AI,,,Biztoc.com,https://biztoc.com/x/1fef88f587020453,"The AI boom has encouraged everyone and their uncle to launch a data center business. But spinning up a data center isnt easy.Even if you solve the problem of securing the GPUs, network switches, and… [+146 chars]",Netris raises $15M Series A from a16z to help AI neoclouds go live faster,15000000
0bbc05d3-9dc8-45cf-b906-ebdc84ce0a53,2026-06-25,FUNDING_EVENT,AI,,n’t easy,TechCrunch,https://techcrunch.com/2026/06/25/netris-raises-15m-series-a-from-a16z-to-help-ai-neoclouds-go-live-faster/,The AI boom has encouraged everyone and their uncle to launch a data center business. But spinning up a data center isn’t easy.,Netris raises $15M Series A from a16z to help AI neoclouds go live faster | TechCrunch,15000000
95dce5a3-0f63-490c-8c0c-5a53571f247a,2026-06-25,FUNDING_EVENT,Anthropic,DeepSeek,OpenAI,Crypto Briefing,https://cryptobriefing.com/deepseek-double-staff-funding-round/,"The Chinese AI startup, currently running with roughly 170 employees, is gearing up for an aggressive hiring push to challenge OpenAI and Anthropic DeepSeek, the Chinese AI company that rattled Silic… [+3386 chars]",DeepSeek plans to double staff after raising $7.4 billion in first external funding round,7400000000
448cd6b4-f6bf-45db-b5d0-f725d7f27c4c,2026-06-25,FUNDING_EVENT,,,Paris,The Next Web,https://thenextweb.com/news/alan-480m-prosus-prevention-insurance/,"French insurtech Alan has raised 480M led by Prosus at a 5.5bn valuation, just months after its last round. The Paris company is betting that AI-driven prevention can reshape health insurance.",Alan raises €480M led by Prosus at a €5.5bn valuation,
b36e892d-0ef0-456a-985d-d82aa350f054,2026-06-24,FUNDING_EVENT,AI,,,The Verge AI,https://www.theverge.com/policy/956394/florida-anna-paulina-luna-anthropic-claude,"Rep. Anna Paulina Luna (R-FL) says her staff used AI for ""spellcheck"" in an amendment summary for a major defense bill, but denies it was used for the bill text itself and says ""NO Legislation is ever drafted with AI."" Luna issued the response after accounts on X began sharing screenshots of an a...",Congresswoman denies staff used AI to write defense funding amendment,
82a54f5c-be0b-4c51-8b64-4980add3f10f,2026-06-24,FUNDING_EVENT,SoftBank,,Japan,Crypto Briefing,https://cryptobriefing.com/softbank-tepco-stake-ai-power/,Masayoshi Son's conglomerate is in talks with TEPCO as surging data center demand reshapes the relationship between tech giants and power companies SoftBank Group is pursuing an investment in Tokyo E… [+4351 chars],SoftBank seeks stake in Japan’s top utility to power AI expansion,
34149f9b-5877-4cd8-b50c-824e662ce8f9,2026-06-24,FUNDING_EVENT,Barclays and Stifel,,US,The Times of India,https://economictimes.indiatimes.com/markets/us-stocks/news/us-stock-market-barclays-stifel-lift-sp-500-year-end-targets-on-stronger-earnings-outlook/articleshow/131955056.cms,"Barclays and Stifel have raised their year-end targets for the S&amp;P 500 index to 7,800, reflecting growing confidence in corporate earnings and the resilience of U.S. equities, according to a repo… [+2109 chars]","US Stock Market: Barclays, Stifel lift S&P 500 year-end targets on stronger earnings outlook",
fa288d8e-dd6a-4428-aa3d-f0170db7716f,2026-06-24,FUNDING_EVENT,S-1,,,Biztoc.com,https://biztoc.com/x/8a2b2c10baa56164,"In its S-1 filing ahead of its initial public offering (IPO), Space Exploration Technologies (NASDAQ: SPCX) showed its ambitions were far grander than space. Of the $28.5 trillion total addressable m… [+142 chars]",Why SpaceX Could Become the Most Important AI Company Investors Aren't Calling an AI Company,
b1dbb03b-c11c-4fc5-8ee9-1504b7945849,2026-06-24,FUNDING_EVENT,Intel,,Zhipu,Crypto Briefing,https://cryptobriefing.com/zhipu-multibillion-share-sale-hong-kong/,The Chinese AI firm that IPO'd in January is already plotting its next capital raise after one of the most explosive stock runs in recent memory A Beijing-based artificial intelligence company went p… [+2936 chars],"Zhipu considers multibillion-dollar share sale in Hong Kong after 2,000% gain",
10f9ae9c-451a-4291-88c9-9ddfd8e15648,2026-06-24,FUNDING_EVENT,Hang Ten Systems,,Mayfield,The Times of India,https://economictimes.indiatimes.com/tech/funding/vishal-sikkas-ai-startup-hang-ten-systems-raises-32-million-led-by-mayfield/articleshow/131971910.cms,"Former Infosys CEO Vishal Sikkas new venture Hang Ten Systems has raised $32 million in seed funding led by venture capital firm Mayfield, according to a LinkedIn post by Sikka on Wednesday.Launched … [+1994 chars]",Vishal Sikka’s AI startup Hang Ten Systems raises $32 million led by Mayfield,32000000
56dc2769-f354-46d2-b23e-6d6c0a452780,2026-06-24,FUNDING_EVENT,Intel,,,Financial Post,https://financialpost.com/pmn/business-pmn/hyperscalers-ditch-canada-investor-calls-and-buyers-dont-care,(Bloomberg) Two of the worlds largest technology companies swiftly raised C$22.5 billion ($15.8 billion) in the Canadian debt market to support their spending plans on artificial intelligence. Invest… [+4956 chars],Hyperscalers Ditch Canada Investor Calls and Buyers Don’t Care,22500000000
060365e0-a6b1-4401-8431-9434cc6ccd2d,2026-06-24,FUNDING_EVENT,Galaxy Ventures,,,The Times of India,https://economictimes.indiatimes.com/tech/funding/a16z-crypto-leads-33-million-bet-on-compute-marketplace-ornn/articleshow/131971804.cms,"Compute marketplace Ornn has raised $33 million in a round led by Andreessen Horowitzs crypto-focused fund, a16z crypto. The round also drew participation from Galaxy Ventures, Nordstar, and SV Angel… [+1861 chars]",A16z crypto leads $33 million bet on compute marketplace Ornn,33000000
1e78fd64-ebcb-4984-a0dd-a625b6e2236c,2026-06-24,FUNDING_EVENT,NVIDIA,,,Hot Hardware,https://hothardware.com/news/qualcomm-acquires-ai-startup-modular,"The battle for AI hardware is heating up, and Qualcomm just launched a direct assault on NVIDIA's dominance. The company has reached a deal to acquire Modular Inc., an AI software infrastructure star… [+2691 chars]",Qualcomm Acquires AI Startup Modular To Challenge NVIDIA's Dominance,
a4dfe198-da54-4051-84fd-6a3f9cbadc63,2026-06-24,FUNDING_EVENT,Brown Capital Management,,Credo,Crypto Briefing,https://cryptobriefing.com/brown-capital-credo-technology-ai-infrastructure/,The investment firm's Small Company Fund bet on Credo reflects a broader institutional pivot toward AI connectivity hardware over speculative tech plays Brown Capital Management has added Credo Techn… [+2476 chars],Brown Capital Management highlights Credo Technology as key fund addition amid AI infrastructure growth,
d3af2eba-532b-47c0-bc98-0a98e70e84ff,2026-06-24,FUNDING_EVENT,AMD,,,Biztoc.com,https://biztoc.com/x/6530178984152dac,The post Wall Street Just Supersized Its Price Target on AMD. Is the Stock Still Too Cheap?,Wall Street Just Supersized Its Price Target on AMD. Is the Stock Still Too Cheap?,
e32c59a6-2724-403c-962f-0f0dae0b3e0f,2026-06-23,FUNDING_EVENT,,,Sadagopan,Livemint,https://www.livemint.com/money/personal-finance/sebis-investor-tools-multiply-but-awareness-lags-behind-11782126772325.html,"PaRRVA is meant to ensure that the returns that they are claiming are actual, said Sadagopan. Under the framework, Sebi-registered intermediaries, including investment advisers, research analysts an… [+5533 chars]","Sebi’s investor tools multiply, but awareness lags behind",
4b26bc62-43bd-494a-9665-aea0fb046c99,2026-06-23,FUNDING_EVENT,OpenAI,,OpenAI,Crypto Briefing,https://cryptobriefing.com/openai-chatgpt-ads-cannes-ipo/,The AI company is wooing advertisers at Cannes Lions 2026 while preparing for a public debut that could value it at around $1 trillion OpenAI brought its advertising pitch to the most influential gat… [+1894 chars],OpenAI pitches ChatGPT ads to Cannes marketers ahead of IPO,
ed8dd4db-4f25-4364-95a3-6478aaafc0d5,2026-06-23,FUNDING_EVENT,NVIDIA,,PASADENA,PRNewswire,https://www.prnewswire.com/news-releases/sophia-space-announces-7-million-safe-financing-bringing-total-funding-to-22-million-302806945.html,"Strategic investors include EverGreen Fund - The NVIDIA Alumni Investment Network, SparkLabs Group, and other leading backers supporting the future of AI-powered space technology. PASADENA, Calif.,… [+3563 chars]","Sophia Space Announces $7 Million SAFE Financing, Bringing Total Funding to $22 Million",7000000
affe9888-6420-4834-9bc2-b1c88eaca7bf,2026-06-23,FUNDING_EVENT,Galaxy Data Center Secures,,,Antaranews.com,https://en.antaranews.com/news/420055/galaxy-data-center-secures-us250-million-in-an-initial-strategic-financing-round,"Singapore (ANTARA/PRNewswire)- Galaxy Data Center (""Galaxy DC"") today announced that it has secured US$250 million in an initial strategic financing round from a renowned international investment ins… [+2894 chars]",Galaxy Data Center Secures US$250 Million in an Initial Strategic Financing Round,250000000
23d3fdfe-289d-47e0-8c43-1cb50e7dc4a1,2026-06-23,FUNDING_EVENT,Intel,,Texas,Insurance Journal,https://www.insurancejournal.com/news/southcentral/2026/06/23/874966.htm,"Equal Parts, an InsurTech that acquires independent insurance agencies and equips them with artificial intelligence technology, announced it has acquired Texas-based D3. D3 was started in Amarillo, … [+567 chars]",Equal Parts Acquires Texas’ D3,
f02eff8b-4d48-4ff6-b9e8-e8bf13dc2851,2026-06-23,FUNDING_EVENT,Buy Hand Over Fist,,,Biztoc.com,https://biztoc.com/x/78e83c0f7046d57a,"The post Forget SpaceX: 1 Unstoppable AI Cash Machine to Buy Hand Over Fist appeared first on 24/7 Wall St.. SpaceX (SPCX) valued at $1.17 trillion pre-IPO lacks audited financials, public 10-K, an… [+138 chars]",Forget SpaceX: 1 Unstoppable AI Cash Machine to Buy Hand Over Fist,
96e9e594-91ba-46c7-bd83-cfbfe0195cd9,2026-06-23,FUNDING_EVENT,IPO,,,Futurism,https://futurism.com/space/spacex-stock-fallen-below-opening-price,"Can’t-miss innovations from the bleeding edge of science and tech
Elon Musk’s SpaceX went stratospheric following its June 12 IPO, soaring from an opening price of $150 to an all-time high of just o… [+2068 chars]",SpaceX Stock Has Officially Fallen Below Its Opening Price,
c2215394-f932-470c-8c54-f2e3004c94fe,2026-06-23,FUNDING_EVENT,Coupa Named,,,PRNewswire,https://www.prnewswire.com/news-releases/coupa-named-a-leader-in-the-2026-gartner-magic-quadrant-for-accounts-payable-applications-302807909.html,Coupa recognized as a Leader for the second consecutive time. Coupa's recent acquisition of Rossum was not considered in this evaluation as the evaluation was prior to the transaction.,Coupa Named a Leader in the 2026 Gartner® Magic Quadrant™ for Accounts Payable Applications,
0311c616-6571-48b9-ab7f-5a3635199270,2026-06-22,FUNDING_EVENT,AI,,China,Digitimes,https://www.digitimes.com/news/a20260622PD211/2026-china-stock-market-ai-llm-funding.html,"Keep me signed in
Some subscribers prefer to save their log-in information so they do not have to enter their User ID and Password each time they visit the site. To activate this function, check the… [+288 chars]",China opens STAR Market pathway for AI model firms amid funding race,
885fee03-46da-41c6-80bb-7a9d3c42903c,2026-06-22,FUNDING_EVENT,AI,,Philippines,Yugatech.com,https://www.yugatech.com/news/ph-govt-speeds-up-investments-to-turn-country-into-premier-ai-hub/,TL;DR: The Philippines aims to become a leading AI and semiconductor hub in Asia through accelerated investments and incentives. <ul><li>President Marcos Jr.,PH gov’t speeds up investments to turn country into premier AI hub,
7081d41a-b4d5-4607-b22d-edebc4e68a1a,2026-06-22,FUNDING_EVENT,Reliance,,,The Times of India,https://economictimes.indiatimes.com/markets/stocks/news/rs-35000-crore-jio-ipo-may-not-be-a-jackpot-for-reliance-investors-heres-why/articleshow/131900626.cms,"Reliance Industries' decision to kickstart the Rs 35,000-40,000 crore initial public offering (IPO) process for its telecom and digital arm Jio Platforms has revived hopes of a fresh value-unlocking … [+5249 chars]","Rs 35,000 crore Jio IPO may not be a jackpot for Reliance investors. Here's why",
b9a7a314-912c-45d3-92ed-a8acef43cb12,2026-06-22,FUNDING_EVENT,Intel,,,Biztoc.com,https://biztoc.com/x/a8d6571e2b08ef77,SpaceX on Monday announced a senior unsecured notes offering and disclosed about $100.8 billion in cash.Shares fell about 8%.The space and artificial intelligence company plans to use the proceeds to… [+142 chars],"SpaceX makes bond sale days after record IPO, discloses over $100 billion cash pile",100000000000
a1407853-3ebf-4830-a077-04c7213f4dca,2026-06-22,FUNDING_EVENT,Scale AI,,Upscale,Biztoc.com,https://biztoc.com/x/2944c0c78b5baae1,"Upscale AI raised $190 million in a Series A-1 round, valuing the Santa Clara, California-based AI networking startup at $2 billion, according to Fortune.Premji Invest, a $15 billion investment fund,… [+151 chars]",Upscale AI raises $190 million Series A-1 at $2 billion valuation,190000000
a274a7c4-aefa-4e7b-8425-bb9e82a79781,2026-06-21,FUNDING_EVENT,dri,,,Biztoc.com,https://biztoc.com/x/5205caa526fcc06b,"Advanced nuclear technologies, particularly small modular reactors (SMRs), have emerged as one of Wall Streets hottest investment themes. With hyperscale data centers facing soaring power demands dri… [+143 chars]",Why This Analyst Thinks Nano Nuclear Energy Stock Can Gain 78% from Here,
29ac8630-ca9e-49ae-9c35-9fc32432eac6,2026-06-21,FUNDING_EVENT,Opens Its AI Tools For Free And Expands Into Commerce Media Find,,,Biztoc.com,https://biztoc.com/x/ad910643bee064fe,"Find your next quality investment with Simply Wall St's easy and powerful screener, trusted by over 7 million individual investors worldwide.- Adobe (NasdaqGS:ADBE) is shifting to a freemium AI model… [+148 chars]",Opens Its AI Tools For Free And Expands Into Commerce Media,
c6756ef0-10d8-408e-853f-aa08ac623dbe,2026-06-20,FUNDING_EVENT,Intel,,US,Biztoc.com,https://biztoc.com/x/4f2ce94f5962d268,"Investing.com -- Artificial intelligence investment and stronger industrial activity are helping support U.S. equities, while weak domestic demand continues to weigh on Chinese markets, according to … [+147 chars]",Why is the US more exuberant than China?,
60ed67b9-903c-474b-8327-0aad4812b6e5,2026-06-20,FUNDING_EVENT,Intel,,,The Times of India,https://economictimes.indiatimes.com/news/new-updates/ai-boom-heading-for-a-dot-com-style-bust-dean-of-valuation-aswath-damodaran-warns-correction-could-be-more-painful-than-2008/articleshow/131870312.cms,"The global race to dominate artificial intelligence is triggering one of the biggest technology investment waves in history, with companies spending trillions of dollars on data centres, advanced chi… [+6619 chars]",AI boom heading for a dot-com-style bust? ‘Dean of Valuation’ Aswath Damodaran warns correction could be more painful than 2008,
4f0d558b-f19d-4615-be62-409ee5cdefbd,2026-06-20,FUNDING_EVENT,Intel,,US,Biztoc.com,https://biztoc.com/x/3ca731d0ddce3587,"U.S.-Iran talks postponed; oil on pace for weekly decline - whats moving marketsInvesting.com -- Artificial intelligence investment and stronger industrial activity are helping support U.S. equities,… [+140 chars]",Why is the US more exuberant than China?,
d14a3124-0c54-4e36-bcbe-e3f8a911ec59,2026-06-20,FUNDING_EVENT,Intel,,,The Times of India,https://economictimes.indiatimes.com/tech/artificial-intelligence/ai-spending-boom-could-trigger-sharper-downturn-than-dotcom-crash-professor-aswath-damodaran/articleshow/131878131.cms,"The artificial intelligence boom is being fuelled by an unprecedented surge in capital expenditure that could make any eventual downturn far more painful than the dotcom crash, according to valuation… [+3538 chars]",AI spending boom could trigger sharper downturn than dotcom crash: Professor Aswath Damodaran,
6bee5cfd-f27e-4349-a167-fc42f8de8536,2026-06-20,FUNDING_EVENT,coordinati,,China,The Daily Caller,https://dailycaller.com/2026/06/20/opinion-critical-mineral-race-china-timothy-maney/,"As G7 leaders met to discuss critical minerals, the negotiations exposed a difficult but unavoidable reality. Rebuilding supply chains outside of China will require significant investment, coordinati… [+5661 chars]",The Race America Can’t Afford To Lose,
64d2e3db-71da-414b-9dc1-ba9379a08e29,2026-06-20,FUNDING_EVENT,Ford,,,TheStreet,https://www.thestreet.com/automotive/cramer-favorite-ford-energy-battery-storage-system,Ford Motor Company (F) has spent years attempting to convince Wall Street that it merits a valuation higher than that of a traditional auto stock. That was difficult.,Why Jim Cramer says Ford's real story isn't trucks or EVs,
a3f77109-5768-4827-85d9-cd535476e79d,2026-06-20,FUNDING_EVENT,Intel,,,Crypto Briefing,https://cryptobriefing.com/meta-q1-revenue-capex-superintelligence/,Mark Zuckerberg's AI spending spree sent shares tumbling after hours despite a blowout earnings quarter that crushed analyst expectations Meta Platforms just delivered one of its strongest quarters e… [+3627 chars],"Meta Platforms posts $56B Q1 revenue, raises capex to $145B for superintelligence initiative",56000000000
af7e9c66-d47d-430e-8cae-71f7074c79e8,2026-06-20,FUNDING_EVENT,Runway,,,Crypto Briefing,https://cryptobriefing.com/faa-palantir-ai-runway-safety/,"The federal aviation agency is deploying Palantir's AI platform to predict runway incidents after a string of deadly accidents, with funding backed by recent congressional legislation. The Federal Av… [+1884 chars]",FAA partners with Palantir to enhance runway safety using AI,
29a7125f-8e1d-41f9-a9c9-3720d50bc60c,2026-06-20,FUNDING_EVENT,"The Goldman Sachs Group, Inc.",,,Yahoo Entertainment,https://finance.yahoo.com/markets/stocks/articles/jim-cramer-highlights-goldman-sachs-134003398.html,"The Goldman Sachs Group, Inc. (NYSE:GS) was among the stocks on Jim Cramer's radar on Mad Money, as he advised investors to care about where a stock is going, not where it has been.",Jim Cramer Highlights Goldman Sachs as Investment Banking Activity Explodes,
60a07ac3-b3d0-41f0-932e-f0eb74f9398e,2026-06-19,FUNDING_EVENT,,,India,The Times of India,https://economictimes.indiatimes.com/industry/banking/finance/power-and-it-set-to-remain-dominant-industries-as-pvt-sector-leads-indias-investment-landscape-in-post-covid-era-report/articleshow/131846271.cms,"New Delhi: Power and IT will continue to be the dominant industries in the near future, as the world increasingly turns to technology areas that will dominate the economic landscape, according to a B… [+2886 chars]",Power and IT set to remain dominant industries as pvt sector leads India's investment landscape in post-Covid era: Report,
7ce17cac-3b5f-401b-9b4e-83cb03435dca,2026-06-19,FUNDING_EVENT,Commerce,,US,Crypto Briefing,https://cryptobriefing.com/us-asml-china-euv-chip-tools-concerns/,"Commerce Secretary Howard Lutnick flagged worries that ASML's extreme ultraviolet lithography machines could end up in Chinese hands, but the Dutch chipmaker says it hasn't shipped a single one The U… [+2149 chars]",US raises concerns to ASML about China’s access to top chip tools,
177515f9-155f-4fd4-ae47-e4e06de99dc6,2026-06-19,FUNDING_EVENT,Intel,,,Biztoc.com,https://biztoc.com/x/8afea29702859570,"On Thursday, Sen. Bernie Sanders (I-Vt.) introduced legislation that would require major artificial intelligence companies to contribute a large portion of their stock to a government-run investment … [+144 chars]","Bernie Sanders Unveils Bill Targeting AI Billions, Plans To Create $7 Trillion Sovereign Wealth Fund That Sends Americans $1,000 Checks Each Year",
8697e63a-4523-463f-b860-b1b05afad719,2026-06-19,FUNDING_EVENT,AI,,,BusinessLine,https://www.thehindubusinessline.com/companies/reliance-agm-2026-jio-ipo-ai-push-and-ambani-heirs-face-investor-test/article71119375.ece,"Reliance Industries heads into its 49th Annual General Meeting at a critical point in its evolution, with investors seeking clarity on monetisation rather than announcements of new businesses. After… [+6302 chars]","Reliance AGM 2026: Jio IPO, AI push and Ambani heirs face investor test",
89c5730f-d53d-45e2-bdf6-227ed4417588,2026-06-19,FUNDING_EVENT,Intel,,Carnelian,The Times of India,https://economictimes.indiatimes.com/markets/expert-view/etmarkets-smart-talk-ai-is-real-but-ai-valuations-are-not-we-are-in-the-fomo-stage-of-the-bubble-carnelians-manoj-bahety/articleshow/131820373.cms,"Artificial intelligence may be one of the most transformative technologies of our time, but investors should not mistake a great innovation for a great investment, cautions Manoj Bahety, Founder and … [+7532 chars]","ETMarkets Smart Talk | AI is real, but AI valuations are not; we are in the FOMO stage of the bubble: Carnelian’s Manoj Bahety",
af110307-e9cf-4b14-8e5d-dafbd9aed070,2026-06-19,FUNDING_EVENT,IPO,,India,TelecomTV,https://www.telecomtv.com/content/access-evolution/what-s-up-with-jio-s-ipo-plans-bell-canada-sk-telecom-55740/,In today’s industry news roundup: India’s biggest telco Jio is set to launch an IPO that could be one of the biggest listings in the country’s history; Bell Canada strikes a major AI infrastructure p… [+5655 chars],"What’s up with… Jio’s IPO plans, Bell Canada, SK Telecom ​​​​​​​",
c950d660-d65f-4058-a589-1962af8eb856,2026-06-19,FUNDING_EVENT,OpenAI,,OpenAI,BroBible,https://brobible.com/culture/article/amazon-selling-luca-guadagnino-openai-sam-altman-movie/,"Jack Gruber | USA TODAY NETWORK / Gareth Cattermole/Getty Images for BFI
Andrew Garfield will play OpenAI CEO Sam Altman
Amazon MGM Studios will no longer be releasing Artificial, the biopic about … [+2546 chars]",Eyebrows Raised Over Amazon Dropping Movie About Sam Altman Following $50B Deal With OpenAI Earlier This Year,50000000000
690928ec-7f85-4780-b771-9096bbb42a63,2026-06-19,FUNDING_EVENT,,,the Democratic Republic of The Congo,Globalresearch.ca,https://www.globalresearch.ca/bill-gates-ebola-vaccine-grant-congo/5930724,"A new Ebola outbreak in central Africa has ignited a firestorm of criticism against billionaire philanthropist Bill Gates, as the timing of a major vaccine funding grant aligns almost precisely with … [+4177 chars]",Bill Gates mRNA Ebola Vaccine Grant Matches Deadly Outbreak in the Democratic Republic of The Congo (DRC). “Rare and Deadly Virus Strain”,
9f47559b-0fcd-402a-8895-08d24bb14754,2026-06-18,FUNDING_EVENT,AI,,India,The Times of India,https://economictimes.indiatimes.com/news/new-updates/who-are-aman-sanger-and-sualeh-asif-cursor-founders-from-india-and-pakistan-set-to-become-billionaires-after-elon-musk-acquires-their-ai-startup/articleshow/131818672.cms,"A young Indian entrepreneur and a Pakistani mathematician-turned-tech founder have joined the ranks of billionaires after Elon Musk's reported acquisition of Anysphere, the company behind the popular… [+3069 chars]",Two techies from India and Pakistan built an AI startup - Now both are billionaires thanks to Elon Musk. Here's all about Aman Sanger and Sualeh Asif,
0df89281-8003-49e1-83d7-cea7cc050b17,2026-06-18,FUNDING_EVENT,Intel,,,ComputerWeekly.com,https://www.computerweekly.com/news/366644823/UAEs-push-towards-agentic-AI-raises-stakes-for-governance-and-accountability,"The UAEs ambition to become a global leader in artificial intelligence (AI) is entering a new phase as government agencies move beyond AI experimentation towards large-scale deployment of autonomous,… [+6638 chars]",UAE’s push towards agentic AI raises stakes for governance and accountability,
0b1c6da3-67f7-49ea-8426-943c524c4ec0,2026-06-18,FUNDING_EVENT,HyperLight,,Canada,Financial Post,https://financialpost.com/pmn/business-wire-news-releases-pmn/hyperlight-announces-80-million-series-c-to-accelerate-tfln-deployment-for-ai-infrastructure,"THIS CONTENT IS RESERVED FOR SUBSCRIBERS ONLY
Subscribe now to read the latest news in your city and across Canada. <ul><li>Exclusive articles from Barbara Shecter, Joe O'Connor, Gabriel Friedman, … [+5511 chars]",HyperLight Announces $80 Million Series C to Accelerate TFLN Deployment for AI Infrastructure,80000000
7996064c-154c-4074-8aa5-e647d77387db,2026-06-18,FUNDING_EVENT,Forefront Tech Holdings Acquisition Corp Announces,,,GlobeNewswire,https://www.globenewswire.com/news-release/2026/06/18/3314367/0/en/Forefront-Tech-Holdings-Acquisition-Corp-Announces-the-Separate-Trading-of-its-Class-A-Ordinary-Shares-and-Warrants-Commencing-June-22-2026.html,"GRAND CAYMAN, CAYMAN ISLANDS, June 18, 2026 (GLOBE NEWSWIRE) -- Forefront Tech Holdings Acquisition Corp (NASDAQ: FTHAU) (the Company) today announced that commencing June 22, 2026, holders of the un… [+3647 chars]","Forefront Tech Holdings Acquisition Corp Announces the Separate Trading of its Class A Ordinary Shares and Warrants, Commencing June 22, 2026",
c9b85266-5076-49dd-b300-f3090bccbe00,2026-06-18,FUNDING_EVENT,QC Capital,,AIIO,Biztoc.com,https://biztoc.com/x/a3da0eac526d38ec,Robo.ai Inc. (NASDAQ:AIIO) announced Thursday that it has signed an agreement to acquire QC Capital Limited in a proposed $60 million all-stock deal.,Robo.ai To Acquire QC Capital In $60 Million All-Stock Deal,60000000
1da08cef-edb8-4b3f-8891-bdb662c092f8,2026-06-18,FUNDING_EVENT,Anthropic,Claude,,Biztoc.com,https://biztoc.com/x/ad3bea59f41872a5,"Dario Amodei has built Anthropic, the company behind Claude, into one of the most successful startups in historyreaching a staggering $965 billion valuation and positioning the company for an IPO.And… [+138 chars]","Dario Amodei only has 1 direct report, his chief of staff—and everyone else reports to his sister: ‘It’s incredibly freeing’",965000000000
a59bb191-9316-4af1-b8c4-921f965165d2,2026-06-18,FUNDING_EVENT,TechCrunch General Intuition,,New York,TechCrunch,https://techcrunch.com/2026/06/18/general-intuition-in-talks-to-raise-300m-at-around-2b-valuation/,"General Intuition, the New York-based startup building a foundation model that trains AI agents how to move through space and time, is in talks to raise around $300 million, sources familiar with the… [+2135 chars]",General Intuition in talks to raise $300M at around $2B valuation | TechCrunch,300000000
f2641a91-765d-4495-a85a-67e4b068883f,2026-06-18,FUNDING_EVENT,Ornn AI Inc.,,,SiliconANGLE News,https://siliconangle.com/2026/06/18/startup-pioneers-early-stage-ticker-reservation-model-aimed-reviving-public-company-mindset/,"A venture-backed startup is introducing a new milestone to the startup playbook: reserving a stock ticker symbol years before an initial public offering. Ornn AI Inc., a company focused on bringing … [+7410 chars]",Startup pioneers early-stage ticker reservation model aimed at reviving the public-company mindset,
9e04e2ea-7f4c-47e9-aea6-fe804acadca0,2026-06-17,FUNDING_EVENT,Wells Fargo,,US,The Times of India,https://economictimes.indiatimes.com/markets/us-stocks/news/us-stock-market-wells-fargo-raises-sp-500-target-on-stronger-earnings-outlook-easing-macro-risks/articleshow/131786886.cms,"Wells Fargo has raised its year-end 2026 target for the S&amp;P 500 to 7,950, citing stronger corporate earnings expectations, reduced macroeconomic uncertainty following the interim U.S.-Iran agreem… [+2282 chars]","US Stock Market: Wells Fargo raises S&P 500 target on stronger earnings outlook, easing macro risks",
9f2c3bdb-f36c-4bf9-870b-e646437b282a,2026-06-17,FUNDING_EVENT,Google DeepMind,,UK,ComputerWeekly.com,https://www.computerweekly.com/news/366644633/Google-Cloud-Summit-UK-to-deploy-AI-powered-planning-system,"The UKs Ministry of Housing, Communities and Local Government (MHCLG) has worked with Google Cloud, Google DeepMind and Faculty a company recently acquired by Accenture to improve the planning system… [+3582 chars]",Google Cloud Summit: UK to deploy AI-powered planning system,
701a8198-3aec-468a-af1d-073a1e0fe329,2026-06-17,FUNDING_EVENT,Intel,,Unbound,The Times of India,https://economictimes.indiatimes.com/tech/funding/ai-startup-pramaana-labs-raises-27-million-in-seed-funding-led-by-khosla-ventures/articleshow/131805503.cms,"Artificial intelligence (AI) startup Pramaana Labs has raised $27 million in a seed funding round led by Khosla Ventures. Accel, BoldCap, Nexus Venture Partners, Premji Invest and Unbound are among o… [+1951 chars]",AI startup Pramaana Labs raises $27 million in seed funding led by Khosla Ventures,27000000
26c3a2f4-53fa-4220-bd24-a08fc424322b,2026-06-17,FUNDING_EVENT,U.S. Sustainable Data Center Market,,CHICAGO,PRNewswire,https://www.prnewswire.com/news-releases/us-sustainable-data-center-market-to-add-usd-116-43-billion-in-new-investment-by-2031--power-capacity-to-reach-12-144-mw-by-2029--arizton-302803209.html,"Market size, regional outlook, growth drivers, and competitive landscape: 20262031 forecast. CHICAGO, June 17, 2026 /PRNewswire/ -- U.S.","U.S. Sustainable Data Center Market to Add USD 116.43 Billion in New Investment by 2031, Power Capacity to Reach 12,144 MW by 2029 - Arizton",
4784ea1f-da93-466a-8707-746d55f406d9,2026-06-17,FUNDING_EVENT,APAC Data Center Market,,CHICAGO,PRNewswire,https://www.prnewswire.com/news-releases/apac-data-center-market-to-reach-usd-255-49-billion-by-2031--while-colocation-investment-set-to-add-usd-64-08-billion--arizton-302803177.html,"Industry Analysis Report, Regional Outlook, Growth Potential, Price Trends, Competitive Market Share &amp; Forecast 20262031
CHICAGO, June 17, 2026 /PRNewswire/ -- The APAC data center market is on … [+6686 chars]","APAC Data Center Market to Reach USD 255.49 Billion by 2031, While Colocation Investment Set to Add USD 64.08 Billion -- Arizton",
a0401626-9e5f-405f-bb1a-fe7d0f8a3df0,2026-06-16,FUNDING_EVENT,Anthropic,,Cursor,The Verge AI,https://www.theverge.com/ai-artificial-intelligence/950571/spacex-is-officially-buying-cursor-for-60-billion,"Days after its massive IPO, SpaceX says it is spending $60 billion to buy Cursor - a bet designed to help Elon Musk's sprawling rocket / AI / social media behemoth win over lucrative enterprise customers and close the gap with AI rivals like Anthropic and OpenAI. The takeover was not entirely une...",SpaceX is officially buying Cursor for $60 billion,60000000000
25e7d91a-1525-4af8-85d4-631289b22a97,2026-06-16,FUNDING_EVENT,,DeepSeek,,The Daily Caller,https://dailycaller.com/2026/06/16/deepseek-chinese-startup/,"Chinese technology company DeepSeek secured more than $7.4 billion in its first funding round, pushing its valuation to over $50 billion, The Information reported on Tuesday. Under the new deal, inv… [+2998 chars]",DeepSeek Reportedly Now Most Valuable Chinese AI Startup Company,7400000000
7aecd064-de34-401b-be46-ff460a8a8240,2026-06-16,FUNDING_EVENT,JPMorgan,,,Crypto Briefing,https://cryptobriefing.com/jpmorgan-ai-capex-data-center-debt/,"The bank sees at least $5 trillion in global AI and data center spending by 2030, with debt markets lining up to finance the buildout JPMorgan has raised its estimates for both power capacity and AI-… [+2103 chars]",JPMorgan raises power and AI capex estimates amid strong year for high-yield data center debt,
faadcdc9-e044-4e24-8211-30c1db2e143a,2026-06-15,FUNDING_EVENT,SWI Group Expands Transatlantic Digital Infrastructure Platform,,U.S.,PRNewswire,https://www.prnewswire.com/news-releases/swi-group-expands-transatlantic-digital-infrastructure-platform-with-closing-of-500-million-usd-acquisition-of-significant-shareholding-in-a-1-3-gw-usa-portfolio-302799776.html,The acquisition secures significant shareholding in one of the largest privately held U.S. digital infrastructure platforms.,SWI Group Expands Transatlantic Digital Infrastructure Platform with closing of $500 Million USD Acquisition of significant shareholding in a 1.3 GW USA portfolio,500000000
814a0b79-33bc-4869-88e1-17536243d151,2026-06-15,FUNDING_EVENT,SWI Group,,U.S.,PRNewswire,https://www.prnewswire.com/news-releases/swi-group-takes-majority-position-in-gda-a-1-3-gw-usa-digital-infrastructure-group-taking-swi-group-to-a-majority-shareholding-position-302799771.html,The acquisition will increase SWI Group's shareholding in one of the largest privately held U.S. digital infrastructure platforms to majority holding position.,"SWI Group takes majority position in GDA, a 1.3 GW USA digital infrastructure group, taking SWI Group to a majority shareholding position.",
7a00f691-6c2f-4256-a8ce-33d513a55140,2026-06-15,FUNDING_EVENT,,,,Fortune,https://fortune.com/2026/06/15/gwynne-shotwell-spacex-engineer-mars-nasa-ipo/,"When SpaceX began trading Friday under the ticker SPCX, at a valuation of roughly $1.77 trillion, President and COO Gwynne Shotwell may very well have been wearing a little slip of paper in her shoes… [+6638 chars]","Meet Gwynne Shotwell, the engineer-turned-COO who runs SpaceX in platform heels and is now worth over $2 billion",2000000000
465fdb4f-0dde-4d2d-ac9c-2e28a9c3e589,2026-06-15,FUNDING_EVENT,SWI Group Expands Transatlantic Digital Infrastructure Platform,,U.S.,PRNewswire,https://www.prnewswire.com/news-releases/swi-group-expands-transatlantic-digital-infrastructure-platform-with-closing-of-500-million-usd-acquisition-of-significant-shareholding-in-a-1-3-gw-usa-portfolio-302799777.html,The acquisition secures significant shareholding in one of the largest privately held U.S. digital infrastructure platforms.,SWI Group Expands Transatlantic Digital Infrastructure Platform with closing of $500 Million USD Acquisition of significant shareholding in a 1.3 GW USA portfolio,500000000
957c29e4-7964-4587-a359-6bcd89bb4dfe,2026-06-15,FUNDING_EVENT,SWI Group,,U.S.,PRNewswire,https://www.prnewswire.com/news-releases/swi-group-takes-majority-position-in-gda-a-1-3-gw-usa-digital-infrastructure-group-taking-swi-group-to-a-majority-shareholding-position-302799773.html,The acquisition will increase SWI Group's shareholding in one of the largest privately held U.S. digital infrastructure platforms to majority holding position.,"SWI Group takes majority position in GDA, a 1.3 GW USA digital infrastructure group, taking SWI Group to a majority shareholding position.",
089b9bdd-a2b0-4298-b845-e0537b612242,2026-06-15,FUNDING_EVENT,Intel,,,The Times of India,https://economictimes.indiatimes.com/news/new-updates/elon-musk-worlds-first-trillionaire-on-what-it-would-take-to-reach-1000000000000000-and-become-a-quadrillionaire/articleshow/131734628.cms,"Elon Musk has once again pushed the boundaries of wealth, becoming the world's first trillionaire following the blockbuster IPO of SpaceX. The rocket, satellite, and artificial intelligence giant rai… [+3663 chars]","Elon Musk, world's first trillionaire, on what it would take to reach $1,000,000,000,000,000 and become a quadrillionaire",
0a7e9297-9964-4e4b-8c30-373eea870fa1,2026-06-15,FUNDING_EVENT,,,,Biztoc.com,https://biztoc.com/x/5caf4f0e65153a8d,"Amassing a $1 million retirement fund can sound like a daunting task. In reality, it's very achievable.",Want $1 Million in Retirement? Start With This Index Fund,1000000
275ab5fc-0283-4635-b6a2-f421a9d568b1,2026-06-12,FUNDING_EVENT,Tesla,,,The Verge AI,https://www.theverge.com/ai-artificial-intelligence/948409/elon-musk-trillionaire-spacex-ipo,"Elon Musk's net worth has passed the trillion-dollar mark after SpaceX's IPO. His net worth, which was hovering around $800 billion before the IPO, includes the value of his 4.8 billion shares in SpaceX, along with his wealth from his other companies, like Tesla.",Elon Musk is the world&#8217;s first trillionaire,800000000000
ac1a7771-be5a-4648-9225-a0c58c13438a,2026-06-12,FUNDING_EVENT,,,,The Verge AI,https://www.theverge.com/business/948996/spacex-ipo-elon-musk,"SpaceX&#8217;s IPO on Friday allows the public to buy shares of the combined rocket, AI, and social media company for the first time, and raised enough money to make Elon Musk the first trillionaire. He has more wealth, on paper at least, than the economies of nations like Ireland, Sweden, or his...",SpaceX’s massive IPO: all the latest news,
